id;titulo;orgao;url;data_publicacao;data_acesso;nivel_evidencia;grupo;dimensao
FIN-001;SIDRA Tabela 1737 - IPCA - Série histórica com número-índice, variação mensal e variações acumuladas em 3 meses, em 6 meses, no ano e em 12 meses (a partir de dezembro/1979);IBGE - Instituto Brasileiro de Geografia e Estatística;"https://apisidra.ibge.gov.br/values/t/1737/n1/all/v/69/p/201912,202012,202112,202212,202312,202412,202512,202608 ; https://apisidra.ibge.gov.br/values/t/1737/n1/all/v/2266/p/201812,201912,202012,202112,202212,202312,202412,202512,202608";"desconhecida (série atualizada mensalmente; último dado: agosto/2026)";2026-10-02;A;contexto;D1
FIN-002;Declaração de Contas Anuais (DCA) da União - Anexo I-E (Despesas por Função/Subfunção), exercícios 2019 a 2025 - API SICONFI;Secretaria do Tesouro Nacional (STN) / Ministério da Fazenda - SICONFI (dados do Governo Federal, id_ente=1);https://apidatalake.tesouro.gov.br/ords/siconfi/tt/dca?an_exercicio=<ANO>&no_anexo=DCA-Anexo%20I-E&id_ente=1&offset=<0|250|400|500|680>&limit=<80..250>;"desconhecida (DCA anual; dados disponíveis na API em 2026-10-02)";2026-10-02;A;ambos;D1
FIN-003;Relatório Resumido da Execução Orçamentária (RREO) da União - Anexo 02 (Demonstrativo da Execução das Despesas por Função/Subfunção), 6º bimestre de 2019 a 2025 e 4º bimestre de 2026 - API SICONFI;Secretaria do Tesouro Nacional (STN) - SICONFI (Governo Federal, id_ente=1);https://apidatalake.tesouro.gov.br/ords/siconfi/tt/rreo?an_exercicio=<ANO>&nr_periodo=<6|4>&co_tipo_demonstrativo=RREO&no_anexo=RREO-Anexo%2002&id_ente=1&offset=<n>&limit=<n>;"desconhecida (RREO bimestral; 4º bimestre/2026 disponível em 2026-10-02)";2026-10-02;A;ambos;D1
FIN-004;Resultado do Tesouro Nacional - Dezembro de 2019 (relatorio_dez19.pdf);Secretaria do Tesouro Nacional (STN) - Ministério da Fazenda (Ministério da Economia em 2019-2022);https://cdn.tesouro.gov.br/sistemas-internos/apex/producao/sistemas/thot/arquivos/publicacoes/31547_1016534/relatorio_dez19.pdf (página: https://www.tesourotransparente.gov.br/publicacoes/boletim-resultado-do-tesouro-nacional-rtn/2019/12);2020-01-29;2026-10-02;A;B (Bolsonaro);D1
FIN-005;Resultado do Tesouro Nacional - Dezembro de 2020 (RTN_Boletim_2020_12.pdf);Secretaria do Tesouro Nacional (STN) - Ministério da Fazenda (Ministério da Economia em 2019-2022);https://cdn.tesouro.gov.br/sistemas-internos/apex/producao/sistemas/thot/arquivos/publicacoes/37105_1940142/RTN_Boletim_2020_12.pdf (página: https://www.tesourotransparente.gov.br/publicacoes/boletim-resultado-do-tesouro-nacional-rtn/2020/12);2021-01-28;2026-10-02;A;B (Bolsonaro);D1
FIN-006;Resultado do Tesouro Nacional - Dezembro de 2021 (RTN_Boletim_2021_12.pdf);Secretaria do Tesouro Nacional (STN) - Ministério da Fazenda (Ministério da Economia em 2019-2022);https://cdn.tesouro.gov.br/sistemas-internos/apex/producao/sistemas/thot/arquivos/publicacoes/42576_1431436/RTN_Boletim_2021_12.pdf (página: https://www.tesourotransparente.gov.br/publicacoes/boletim-resultado-do-tesouro-nacional-rtn/2021/12);2022-01-28;2026-10-02;A;B (Bolsonaro);D1
FIN-007;Resultado do Tesouro Nacional - Dezembro de 2022 (boletim_dez22.pdf);Secretaria do Tesouro Nacional (STN) - Ministério da Fazenda (Ministério da Economia em 2019-2022);https://cdn.tesouro.gov.br/sistemas-internos/apex/producao/sistemas/thot/arquivos/publicacoes/46073_1449893/boletim_dez22.pdf (página: https://www.tesourotransparente.gov.br/publicacoes/boletim-resultado-do-tesouro-nacional-rtn/2022/12);2023-01-27;2026-10-02;A;B (Bolsonaro);D1
FIN-008;Resultado do Tesouro Nacional - Dezembro de 2023 (boletim_dez23.pdf);Secretaria do Tesouro Nacional (STN) - Ministério da Fazenda (Ministério da Economia em 2019-2022);https://cdn.tesouro.gov.br/sistemas-internos/apex/producao/sistemas/thot/arquivos/publicacoes/48787_1551088/boletim_dez23.pdf (página: https://www.tesourotransparente.gov.br/publicacoes/boletim-resultado-do-tesouro-nacional-rtn/2023/12);2024-01-29;2026-10-02;A;A (Lula 3);D1
FIN-009;Resultado do Tesouro Nacional - Dezembro de 2024 (boletim_dez24.pdf);Secretaria do Tesouro Nacional (STN) - Ministério da Fazenda (Ministério da Economia em 2019-2022);https://cdn.tesouro.gov.br/sistemas-internos/apex/producao/sistemas/thot/arquivos/publicacoes/51291_1726861/boletim_dez24.pdf (página: https://www.tesourotransparente.gov.br/publicacoes/boletim-resultado-do-tesouro-nacional-rtn/2024/12);2025-01-30;2026-10-02;A;A (Lula 3);D1
FIN-010;Resultado do Tesouro Nacional - Dezembro de 2025 (boletim_dez25.pdf);Secretaria do Tesouro Nacional (STN) - Ministério da Fazenda (Ministério da Economia em 2019-2022);https://cdn.tesouro.gov.br/sistemas-internos/apex/producao/sistemas/thot/arquivos/publicacoes/53718_1740106/boletim_dez25.pdf (página: https://www.tesourotransparente.gov.br/publicacoes/boletim-resultado-do-tesouro-nacional-rtn/2025/12);2026-01-29;2026-10-02;A;A (Lula 3);D1
FIN-011;Resultado do Tesouro Nacional - Agosto de 2026 (boletim_ago26.pdf);Secretaria do Tesouro Nacional (STN) - Ministério da Fazenda (Ministério da Economia em 2019-2022);https://cdn.tesouro.gov.br/sistemas-internos/apex/producao/sistemas/thot/arquivos/publicacoes/55921_1803160/boletim_ago26.pdf (página: https://www.tesourotransparente.gov.br/publicacoes/boletim-resultado-do-tesouro-nacional-rtn/2026/8);2026-09-29;2026-10-02;A;A (Lula 3);D1
FIN-012;Decreto nº 9.741, de 29 de março de 2019 (altera o Decreto nº 9.711/2019 - programação orçamentária e financeira de 2019);Presidência da República - Planalto (Legislação);https://www.planalto.gov.br/ccivil_03/_ato2019-2022/2019/decreto/D9741.htm;2019-03-29;2026-10-02;A;B (Bolsonaro);D1
FIN-013;Decreto nº 9.809, de 30 de maio de 2019 (altera o Decreto nº 9.711/2019);Presidência da República - Planalto (Legislação);https://www.planalto.gov.br/ccivil_03/_ato2019-2022/2019/decreto/D9809.htm;2019-05-30;2026-10-02;A;B (Bolsonaro);D1
FIN-014;Decreto nº 10.028, de 26 de setembro de 2019 (altera o Decreto nº 9.711/2019);Presidência da República - Planalto (Legislação);https://www.planalto.gov.br/ccivil_03/_ato2019-2022/2019/decreto/D10028.htm;2019-09-26;2026-10-02;A;B (Bolsonaro);D1
FIN-015;Decreto nº 10.181, de 19 de dezembro de 2019 (altera o Decreto nº 9.711/2019);Presidência da República - Planalto (Legislação);https://www.planalto.gov.br/ccivil_03/_ato2019-2022/2019/decreto/D10181.htm;2019-12-19;2026-10-02;A;B (Bolsonaro);D1
FIN-016;Decreto nº 10.686, de 22 de abril de 2021 (dispõe sobre o bloqueio de dotações orçamentárias primárias discricionárias);Presidência da República - Planalto (Legislação);https://www.planalto.gov.br/ccivil_03/_ato2019-2022/2021/decreto/D10686.htm;2021-04-22;2026-10-02;A;B (Bolsonaro);D1
FIN-017;Decreto nº 10.699, de 14 de maio de 2021 (programação orçamentária e financeira de 2021);Presidência da República - Planalto (Legislação);https://www.planalto.gov.br/ccivil_03/_ato2019-2022/2021/decreto/D10699.htm;2021-05-14;2026-10-02;A;B (Bolsonaro);D1
FIN-018;Decreto nº 10.874, de 30 de novembro de 2021 (altera o Decreto nº 10.699/2021);Presidência da República - Planalto (Legislação);https://www.planalto.gov.br/ccivil_03/_ato2019-2022/2021/decreto/D10874.htm;2021-11-30;2026-10-02;A;B (Bolsonaro);D1
FIN-019;Decreto nº 11.086, de 30 de maio de 2022 (altera o Decreto nº 10.961/2022);Presidência da República - Planalto (Legislação);https://www.planalto.gov.br/ccivil_03/_ato2019-2022/2022/decreto/D11086.htm;2022-05-30;2026-10-02;A;B (Bolsonaro);D1
FIN-020;Decreto nº 11.154, de 29 de julho de 2022 (altera o Decreto nº 10.961/2022);Presidência da República - Planalto (Legislação);https://www.planalto.gov.br/ccivil_03/_ato2019-2022/2022/decreto/D11154.htm;2022-07-29;2026-10-02;A;B (Bolsonaro);D1
FIN-021;Decreto nº 11.216, de 30 de setembro de 2022 (altera o Decreto nº 10.961/2022);Presidência da República - Planalto (Legislação);https://www.planalto.gov.br/ccivil_03/_ato2019-2022/2022/decreto/D11216.htm;2022-09-30;2026-10-02;A;B (Bolsonaro);D1
FIN-022;Decreto nº 11.269, de 30 de novembro de 2022 (altera o Decreto nº 10.961/2022);Presidência da República - Planalto (Legislação);https://www.planalto.gov.br/ccivil_03/_ato2019-2022/2022/decreto/D11269.htm;2022-11-30;2026-10-02;A;B (Bolsonaro);D1
FIN-023;Decreto nº 11.415, de 16 de fevereiro de 2023 (programação orçamentária e financeira de 2023) - texto compilado;Presidência da República - Planalto (Legislação);https://www.planalto.gov.br/ccivil_03/_ato2023-2026/2023/decreto/D11415.htm;2023-02-16;2026-10-02;A;A (Lula 3);D1
FIN-024;Decreto nº 11.811, de 30 de novembro de 2023 (altera o Decreto nº 11.415/2023);Presidência da República - Planalto (Legislação);https://www.planalto.gov.br/ccivil_03/_ato2023-2026/2023/decreto/D11811.htm;2023-11-30;2026-10-02;A;A (Lula 3);D1
FIN-025;Decreto nº 12.120, de 30 de julho de 2024 (altera o Decreto nº 11.927/2024);Presidência da República - Planalto (Legislação);https://www.planalto.gov.br/ccivil_03/_ato2023-2026/2024/decreto/D12120.htm;2024-07-30;2026-10-02;A;A (Lula 3);D1
FIN-026;Decreto nº 12.279, de 29 de novembro de 2024 (altera o Decreto nº 11.927/2024);Presidência da República - Planalto (Legislação);https://www.planalto.gov.br/ccivil_03/_ato2023-2026/2024/decreto/D12279.htm;2024-11-29;2026-10-02;A;A (Lula 3);D1
FIN-027;Decreto nº 12.448, de 30 de abril de 2025 (programação orçamentária e financeira de 2025) - texto compilado;Presidência da República - Planalto (Legislação);https://www.planalto.gov.br/ccivil_03/_ato2023-2026/2025/decreto/D12448.htm;2025-04-30;2026-10-02;A;A (Lula 3);D1
FIN-028;Decreto nº 12.763, de 28 de novembro de 2025 (altera o Decreto nº 12.448/2025);Presidência da República - Planalto (Legislação);https://www.planalto.gov.br/ccivil_03/_ato2023-2026/2025/decreto/D12763.htm;2025-11-28;2026-10-02;A;A (Lula 3);D1
FIN-029;Lei Complementar nº 177, de 12 de janeiro de 2021 (altera a LRF e a Lei 11.540/2007 - FNDCT);Presidência da República - Planalto (Legislação);https://www.planalto.gov.br/ccivil_03/leis/lcp/lcp177.htm;2021-01-12;2026-10-02;A;B (Bolsonaro);D1
FIN-030;Medida Provisória nº 1.136, de 29 de agosto de 2022 (altera a Lei nº 11.540/2007 - FNDCT);Presidência da República - Planalto (Legislação);https://www.planalto.gov.br/ccivil_03/_ato2019-2022/2022/mpv/mpv1136.htm;2022-08-29;2026-10-02;A;B (Bolsonaro);D1
FIN-031;Câmara dos Deputados - API Dados Abertos - Proposição MPV 1136/2022 (id 2334478) - status;Câmara dos Deputados;https://dadosabertos.camara.leg.br/api/v2/proposicoes/2334478;2023-02-15;2026-10-02;A;ambos;D1
FIN-032;Emenda Constitucional nº 108, de 26 de agosto de 2020 (Novo Fundeb);Presidência da República - Planalto (Legislação) / Mesas da Câmara e do Senado (promulgação);https://www.planalto.gov.br/ccivil_03/constituicao/emendas/emc/emc108.htm;2020-08-26;2026-10-02;A;B (Bolsonaro);D1
FIN-033;Lei nº 14.113, de 25 de dezembro de 2020 (regulamenta o Fundeb);Presidência da República - Planalto (Legislação);https://www.planalto.gov.br/ccivil_03/_ato2019-2022/2020/lei/l14113.htm;2020-12-25;2026-10-02;A;B (Bolsonaro);D1
FIN-034;CNPq - Tabela de Valores de Bolsas no País;CNPq - Conselho Nacional de Desenvolvimento Científico e Tecnológico;https://www.gov.br/cnpq/pt-br/acesso-a-informacao/bolsas-e-auxilios/copy_of_modalidades/tabela-de-valores-no-pais;desconhecida (página atualizada em 2025-07-17);2026-10-02;A;A (Lula 3);D1
FIN-035;CNPq - Relatório de Gestão 2019;CNPq - Conselho Nacional de Desenvolvimento Científico e Tecnológico;https://www.gov.br/cnpq/pt-br/acesso-a-informacao/auditorias/copy_of_RelatriodeGestode2019.pdf;desconhecida (2020);2026-10-02;A;B (Bolsonaro);D1
FIN-036;CNPq - Relatório de Gestão 2020;CNPq - Conselho Nacional de Desenvolvimento Científico e Tecnológico;https://www.gov.br/cnpq/pt-br/acesso-a-informacao/auditorias/copy_of_Relatorio_de_Gestao_CNPq_2020.pdf;desconhecida (2021);2026-10-02;A;B (Bolsonaro);D1
FIN-037;CNPq - Relatório de Gestão 2021;CNPq - Conselho Nacional de Desenvolvimento Científico e Tecnológico;https://www.gov.br/cnpq/pt-br/acesso-a-informacao/auditorias/Relatorio_de_Gestao_CNPq_2021_v2_COCOM.pdf;desconhecida (2022);2026-10-02;A;B (Bolsonaro);D1
FIN-038;CNPq - Relatório de Gestão 2022;CNPq - Conselho Nacional de Desenvolvimento Científico e Tecnológico;https://www.gov.br/cnpq/pt-br/acesso-a-informacao/auditorias/RELATORIOGESTAOvACS20230428.pdf;2023-04-28 (provável, pelo nome do arquivo);2026-10-02;A;B (Bolsonaro);D1
FIN-039;CNPq - Relatório de Gestão 2023;CNPq - Conselho Nacional de Desenvolvimento Científico e Tecnológico;https://www.gov.br/cnpq/pt-br/acesso-a-informacao/auditorias/RG2023v3pubNaoDiagramado.pdf;desconhecida (2024);2026-10-02;A;A (Lula 3);D1
FIN-040;CNPq - Relatório de Gestão 2024;CNPq - Conselho Nacional de Desenvolvimento Científico e Tecnológico;https://www.gov.br/cnpq/pt-br/acesso-a-informacao/planejamento-e-governanca/RelatriodeGesto2024CNPq.pdf;desconhecida (2025);2026-10-02;A;A (Lula 3);D1
FIN-041;CNPq - Relatório de Gestão 2025;CNPq - Conselho Nacional de Desenvolvimento Científico e Tecnológico;https://www.gov.br/cnpq/pt-br/acesso-a-informacao/auditorias/copy_of_RG2025vfinal31032026semlogo.pdf;2026-03-31 (provável, pelo nome do arquivo);2026-10-02;A;A (Lula 3);D1
FIN-042;CAPES - Orçamento - Evolução em Reais (dotação final e execução por ano);CAPES - Coordenação de Aperfeiçoamento de Pessoal de Nível Superior (UO 26291);https://www.gov.br/capes/pt-br/acesso-a-informacao/institucional/orcamento-evolucao-em-reais;2026-02-27 (atualização da página);2026-10-02;A;ambos;D1
FIN-043;CAPES - Dados para o Relatório de Gestão 2025;CAPES (UO 26291);https://www.gov.br/capes/pt-br/centrais-de-conteudo/documentos/06032026_DadosparaoRelatriodeGesto2025.pdf/@@display-file/file;2026-03-06 (provável, pelo nome do arquivo);2026-10-02;A;A (Lula 3);D1
FIN-044;FNDE - PNAE - Dados físicos e financeiros do PNAE;FNDE - Fundo Nacional de Desenvolvimento da Educação;https://www.gov.br/fnde/pt-br/acesso-a-informacao/acoes-e-programas/programas/pnae/consultas/pnae-dados-fisicos-e-financeiros-do-pnae;2024-03-14 (última atualização);2026-10-02;A;ambos;D1
FIN-045;FNDE - PNLD - Dados estatísticos;FNDE;https://www.gov.br/fnde/pt-br/acesso-a-informacao/acoes-e-programas/programas/programas-do-livro/pnld/dados-estatisticos;2026-07-09 (atualização);2026-10-02;A;ambos;D1
FIN-046;Resolução CD/FNDE nº 6, de 8 de maio de 2020 (PNAE) - compilada;FNDE - Conselho Deliberativo;https://www.gov.br/fnde/pt-br/acesso-a-informacao/legislacao/resolucoes/2020/resolucao-no-6-de-08-de-maio-de-2020/@@download/file;2020-05-08;2026-10-02;A;B (Bolsonaro);D1
FIN-047;Resolução CD/FNDE nº 2, de 10 de março de 2023 (altera a Resolução CD/FNDE nº 6/2020 - PNAE);FNDE - Conselho Deliberativo;https://www.gov.br/fnde/pt-br/acesso-a-informacao/legislacao/resolucoes/2023/resolucao-no-02-de-10-de-marco-de-2023.pdf;2023-03-10;2026-10-02;A;A (Lula 3);D1
FIN-048;FNDE - Página do PNAE (valores per capita vigentes - Resolução CD/FNDE nº 01/2026);FNDE;https://www.gov.br/fnde/pt-br/acesso-a-informacao/acoes-e-programas/programas/pnae;desconhecida (2026);2026-10-02;A;A (Lula 3);D1
FIN2-001;Decreto nº 10.249, de 19 de fevereiro de 2020 (programação orçamentária e financeira de 2020) - texto compilado;Presidência da República - Planalto (Legislação);https://www.planalto.gov.br/ccivil_03/_ato2019-2022/2020/decreto/D10249.htm;2020-02-19;2026-10-02;A;B (Bolsonaro);D1
FIN2-002;Anexos I a VI do Decreto nº 10.249/2020 (texto compilado);Presidência da República - Planalto (Legislação);https://www.planalto.gov.br/ccivil_03/_ato2019-2022/2020/decreto/Anexo/D10249anexo01a06.htm;2020-02-19;2026-10-02;A;B (Bolsonaro);D1
FIN2-003;Decreto nº 10.556, de 27 de novembro de 2020 (altera o Decreto nº 10.249/2020);Presidência da República - Planalto (Legislação);https://www.planalto.gov.br/ccivil_03/_ato2019-2022/2020/decreto/D10556.htm;2020-11-27;2026-10-02;A;B (Bolsonaro);D1
FIN2-004;Decreto nº 10.181, de 19 de dezembro de 2019 (altera o Decreto nº 9.711/2019) - verificação da composição do órgão 26000;Presidência da República - Planalto (Legislação);https://www.planalto.gov.br/ccivil_03/_ato2019-2022/2019/decreto/D10181.htm;2019-12-19;2026-10-02;A;B (Bolsonaro);D1
FIN2-005;Decreto nº 11.538, de 30 de maio de 2023 (altera o Decreto nº 11.415/2023);Presidência da República - Planalto (Legislação);https://www.planalto.gov.br/ccivil_03/_ato2023-2026/2023/decreto/D11538.htm;2023-05-30;2026-10-02;A;A (Lula 3);D1
FIN2-006;Decreto nº 11.415, de 16 de fevereiro de 2023 - texto compilado (todas as redações da linha do MEC no Anexo I);Presidência da República - Planalto (Legislação);https://www.planalto.gov.br/ccivil_03/_ato2023-2026/2023/decreto/D11415.htm;2023-02-16;2026-10-02;A;A (Lula 3);D1
FIN2-007;Decreto nº 11.927, de 22 de fevereiro de 2024 (programação orçamentária e financeira de 2024);Presidência da República - Planalto (Legislação);https://www.planalto.gov.br/ccivil_03/_ato2023-2026/2024/decreto/D11927.htm;2024-02-22;2026-10-02;A;A (Lula 3);D1
FIN2-008;Anexos I a IX do Decreto nº 11.927/2024 (texto compilado, todas as redações do Anexo I);Presidência da República - Planalto (Legislação);https://www.planalto.gov.br/ccivil_03/_ato2023-2026/2024/decreto/Anexo/D11927-AnexoI%20a%20IX.htm;2024-02-22;2026-10-02;A;A (Lula 3);D1
FIN2-009;Anexos X a XXI do Decreto nº 11.927/2024 (tentativa de leitura do Anexo XXI - bloqueio);Presidência da República - Planalto (Legislação);https://www.planalto.gov.br/ccivil_03/_ato2023-2026/2024/decreto/Anexo/D11927-AnexoX%20a%20XXI.htm;2024-02-22;2026-10-02;A;A (Lula 3);D1
FIN2-010;Decreto nº 12.279, de 29 de novembro de 2024 (altera o Decreto nº 11.927/2024) - anexos;Presidência da República - Planalto (Legislação);https://www.planalto.gov.br/ccivil_03/_ato2023-2026/2024/decreto/D12279.htm;2024-11-29;2026-10-02;A;A (Lula 3);D1
FIN2-011;Decreto nº 12.448, de 30 de abril de 2025 - texto compilado (redação original e D12.477 do Anexo I);Presidência da República - Planalto (Legislação);https://www.planalto.gov.br/ccivil_03/_ato2023-2026/2025/decreto/D12448.htm;2025-04-30;2026-10-02;A;A (Lula 3);D1
FIN2-012;Decreto nº 12.477, de 30 de maio de 2025 (altera o Decreto nº 12.448/2025);Presidência da República - Planalto (Legislação);https://www.planalto.gov.br/ccivil_03/_ato2023-2026/2025/decreto/D12477.htm;2025-05-30;2026-10-02;A;A (Lula 3);D1
FIN2-013;Decreto nº 12.566, de 30 de julho de 2025 (altera o Decreto nº 12.448/2025);Presidência da República - Planalto (Legislação);https://www.planalto.gov.br/ccivil_03/_ato2023-2026/2025/decreto/D12566.htm;2025-07-30;2026-10-02;A;A (Lula 3);D1
FIN2-014;Decreto nº 12.846, de 12 de fevereiro de 2026 (programação orçamentária e financeira de 2026) - texto compilado;Presidência da República - Planalto (Legislação);https://www.planalto.gov.br/ccivil_03/_ato2023-2026/2026/decreto/D12846.htm;2026-02-12;2026-10-02;A;A (Lula 3);D1
FIN2-015;Decreto nº 12.914, de 30 de março de 2026 (altera o Decreto nº 12.846/2026);Presidência da República - Planalto (Legislação);https://www.planalto.gov.br/ccivil_03/_ato2023-2026/2026/decreto/D12914.htm;2026-03-30;2026-10-02;A;A (Lula 3);D1
FIN2-016;Decreto nº 12.990, de 29 de maio de 2026 (altera o Decreto nº 12.846/2026);Presidência da República - Planalto (Legislação);https://www.planalto.gov.br/ccivil_03/_ato2023-2026/2026/decreto/D12990.htm;2026-05-29;2026-10-02;A;A (Lula 3);D1
FIN2-017;Decreto nº 13.085, de 30 de julho de 2026 (altera o Decreto nº 12.846/2026);Presidência da República - Planalto (Legislação);https://www.planalto.gov.br/ccivil_03/_ato2023-2026/2026/decreto/D13085.htm;2026-07-30;2026-10-02;A;A (Lula 3);D1
FIN2-018;Decreto nº 13.130, de 30 de setembro de 2026 (altera o Decreto nº 12.846/2026);Presidência da República - Planalto (Legislação);https://www.planalto.gov.br/ccivil_03/_ato2023-2026/2026/decreto/D13130.htm;2026-09-30;2026-10-02;A;A (Lula 3);D1
FIN2-019;Decreto nº 10.699, de 14 de maio de 2021 - texto compilado (todas as redações da linha do MEC no Anexo I);Presidência da República - Planalto (Legislação);https://www.planalto.gov.br/ccivil_03/_ato2019-2022/2021/decreto/D10699.htm;2021-05-14;2026-10-02;A;B (Bolsonaro);D1
FIN2-020;Decreto nº 10.961, de 11 de fevereiro de 2022 - texto compilado (todas as redações da linha do MEC no Anexo I);Presidência da República - Planalto (Legislação);https://www.planalto.gov.br/ccivil_03/_ato2019-2022/2022/decreto/D10961.htm;2022-02-11;2026-10-02;A;B (Bolsonaro);D1
FIN2-021;Decreto nº 9.711, de 15 de fevereiro de 2019 (programação orçamentária e financeira de 2019);Presidência da República - Planalto (Legislação);https://www.planalto.gov.br/ccivil_03/_ato2019-2022/2019/decreto/D9711.htm;2019-02-15;2026-10-02;A;B (Bolsonaro);D1
FIN2-022;Decreto nº 12.120, de 30 de julho de 2024 - tentativa de leitura do Anexo XXI (bloqueio);Presidência da República - Planalto (Legislação);https://www.planalto.gov.br/ccivil_03/_ato2023-2026/2024/decreto/D12120.htm;2024-07-30;2026-10-02;A;A (Lula 3);D1
FIN2-023;Orçamentos Anuais 2026 - Ministério do Planejamento e Orçamento (LOA 2026);Ministério do Planejamento e Orçamento;https://www.gov.br/planejamento/pt-br/assuntos/orcamento/orcamentos-anuais/2026;desconhecida;2026-10-02;A;contexto;D1
FIN3-001;SIOP - Endpoint SPARQL do orçamento federal: grafos anuais e data da última atualização;Ministério do Planejamento e Orçamento - SIOP (endpoint SPARQL de dados abertos do orçamento federal, grafos http://orcamento.dados.gov.br/<ano>/);https://www1.siop.planejamento.gov.br/sparql/?query=SELECT+?g+?e+?d+WHERE{GRAPH+?g{?e+loa:dataUltimaAtualizacao+?d}}&format=text/html;"2026-10-02 (dataUltimaAtualizacao dos grafos: 2019=2023-04-29; 2020=2023-05-03; 2021 e 2022=2023-05-04; 2023=2024-08-27; 2024=2025-02-11; 2025=2026-01-24; 2026=2026-10-02)";2026-10-02;A;ambos;D1
FIN3-002;SIOP SPARQL - Série 2012/2016–2026 da ação 20RK (Funcionamento de Instituições Federais de Ensino Superior): dotação inicial, dotação atualizada, empenhado, pago no exercício;Ministério do Planejamento e Orçamento - SIOP (endpoint SPARQL de dados abertos do orçamento federal, grafos http://orcamento.dados.gov.br/<ano>/);"https://www1.siop.planejamento.gov.br/sparql/?query=SELECT+?a+SUM(?e)+WHERE{?i+loa:temAcao+?a%3Bloa:valorDotacaoInicial+?e.?a+loa:codigo+""20RK""}&format=html";"2026-10-02 (dataUltimaAtualizacao dos grafos: 2019=2023-04-29; 2020=2023-05-03; 2021 e 2022=2023-05-04; 2023=2024-08-27; 2024=2025-02-11; 2025=2026-01-24; 2026=2026-10-02)";2026-10-02;A;ambos;D1
FIN3-003;SIOP SPARQL - Série 2012/2016–2026 da ação 4002 (Assistência ao Estudante de Ensino Superior): dotação atualizada, empenhado, pago no exercício;Ministério do Planejamento e Orçamento - SIOP (endpoint SPARQL de dados abertos do orçamento federal, grafos http://orcamento.dados.gov.br/<ano>/);"https://www1.siop.planejamento.gov.br/sparql/?query=SELECT+?a+SUM(?e)+WHERE{?i+loa:temAcao+?a%3Bloa:valorLeiMaisCredito+?e.?a+loa:codigo+""4002""}&format=html";"2026-10-02 (dataUltimaAtualizacao dos grafos: 2019=2023-04-29; 2020=2023-05-03; 2021 e 2022=2023-05-04; 2023=2024-08-27; 2024=2025-02-11; 2025=2026-01-24; 2026=2026-10-02)";2026-10-02;A;ambos;D1
FIN3-004;SIOP SPARQL - Série 2012/2016–2026 da ação 8282 (Reestruturação e Modernização das Instituições Federais de Ensino Superior): empenhado, pago no exercício;Ministério do Planejamento e Orçamento - SIOP (endpoint SPARQL de dados abertos do orçamento federal, grafos http://orcamento.dados.gov.br/<ano>/);"https://www1.siop.planejamento.gov.br/sparql/?query=SELECT+?a+SUM(?e)+WHERE{?i+loa:temAcao+?a%3Bloa:valorEmpenhado+?e.?a+loa:codigo+""8282""}&format=html";"2026-10-02 (dataUltimaAtualizacao dos grafos: 2019=2023-04-29; 2020=2023-05-03; 2021 e 2022=2023-05-04; 2023=2024-08-27; 2024=2025-02-11; 2025=2026-01-24; 2026=2026-10-02)";2026-10-02;A;ambos;D1
FIN3-005;SIOP SPARQL - Série 2012/2016–2026 da ação 20RL (Funcionamento das Instituições da Rede Federal de Educação Profissional, Científica e Tecnológica): dotação inicial, dotação atualizada, empenhado, pago no exercício;Ministério do Planejamento e Orçamento - SIOP (endpoint SPARQL de dados abertos do orçamento federal, grafos http://orcamento.dados.gov.br/<ano>/);"https://www1.siop.planejamento.gov.br/sparql/?query=SELECT+?a+SUM(?e)+WHERE{?i+loa:temAcao+?a%3Bloa:valorDotacaoInicial+?e.?a+loa:codigo+""20RL""}&format=html";"2026-10-02 (dataUltimaAtualizacao dos grafos: 2019=2023-04-29; 2020=2023-05-03; 2021 e 2022=2023-05-04; 2023=2024-08-27; 2024=2025-02-11; 2025=2026-01-24; 2026=2026-10-02)";2026-10-02;A;ambos;D1
FIN3-006;SIOP SPARQL - Série 2012/2016–2026 da ação 2994 (Assistência aos Estudantes das Instituições Federais de Educação Profissional e Tecnológica): dotação atualizada, empenhado, pago no exercício;Ministério do Planejamento e Orçamento - SIOP (endpoint SPARQL de dados abertos do orçamento federal, grafos http://orcamento.dados.gov.br/<ano>/);"https://www1.siop.planejamento.gov.br/sparql/?query=SELECT+?a+SUM(?e)+WHERE{?i+loa:temAcao+?a%3Bloa:valorLeiMaisCredito+?e.?a+loa:codigo+""2994""}&format=html";"2026-10-02 (dataUltimaAtualizacao dos grafos: 2019=2023-04-29; 2020=2023-05-03; 2021 e 2022=2023-05-04; 2023=2024-08-27; 2024=2025-02-11; 2025=2026-01-24; 2026=2026-10-02)";2026-10-02;A;ambos;D1
FIN3-007;SIOP SPARQL - Série 2012/2016–2026 da ação 20RG (Reestruturação e Modernização das Instituições da Rede Federal de Educação Profissional, Científica e Tecnológica): empenhado, pago no exercício;Ministério do Planejamento e Orçamento - SIOP (endpoint SPARQL de dados abertos do orçamento federal, grafos http://orcamento.dados.gov.br/<ano>/);"https://www1.siop.planejamento.gov.br/sparql/?query=SELECT+?a+SUM(?e)+WHERE{?i+loa:temAcao+?a%3Bloa:valorEmpenhado+?e.?a+loa:codigo+""20RG""}&format=html";"2026-10-02 (dataUltimaAtualizacao dos grafos: 2019=2023-04-29; 2020=2023-05-03; 2021 e 2022=2023-05-04; 2023=2024-08-27; 2024=2025-02-11; 2025=2026-01-24; 2026=2026-10-02)";2026-10-02;A;ambos;D1
FIN3-008;SIOP SPARQL - FNDCT (UO 24901): pago no exercício 2015–2026 e ações vinculadas;Ministério do Planejamento e Orçamento - SIOP (endpoint SPARQL de dados abertos do orçamento federal, grafos http://orcamento.dados.gov.br/<ano>/);"https://www1.siop.planejamento.gov.br/sparql/?query=SELECT+?u+SUM(?p)+WHERE{?i+loa:temUnidadeOrcamentaria+?u%3Bloa:valorPago+?p.?u+loa:codigo+""24901""}&format=html";"2026-10-02 (dataUltimaAtualizacao dos grafos: 2019=2023-04-29; 2020=2023-05-03; 2021 e 2022=2023-05-04; 2023=2024-08-27; 2024=2025-02-11; 2025=2026-01-24; 2026=2026-10-02)";2026-10-02;A;ambos;D1
FIN3-009;SIOP SPARQL - Série 2012/2016–2026 da ação 0487 (Concessão de Bolsas de Estudo no Ensino Superior): empenhado, pago no exercício;Ministério do Planejamento e Orçamento - SIOP (endpoint SPARQL de dados abertos do orçamento federal, grafos http://orcamento.dados.gov.br/<ano>/);"https://www1.siop.planejamento.gov.br/sparql/?query=SELECT+?a+SUM(?e)+WHERE{?i+loa:temAcao+?a%3Bloa:valorEmpenhado+?e.?a+loa:codigo+""0487""}&format=html";"2026-10-02 (dataUltimaAtualizacao dos grafos: 2019=2023-04-29; 2020=2023-05-03; 2021 e 2022=2023-05-04; 2023=2024-08-27; 2024=2025-02-11; 2025=2026-01-24; 2026=2026-10-02)";2026-10-02;A;ambos;D1
FIN3-010;SIOP SPARQL - Série 2012/2016–2026 da ação 00LV (Formação, Capacitação e Fixação de Recursos Humanos para o Desenvolvimento Científico): empenhado, pago no exercício;Ministério do Planejamento e Orçamento - SIOP (endpoint SPARQL de dados abertos do orçamento federal, grafos http://orcamento.dados.gov.br/<ano>/);"https://www1.siop.planejamento.gov.br/sparql/?query=SELECT+?a+SUM(?e)+WHERE{?i+loa:temAcao+?a%3Bloa:valorEmpenhado+?e.?a+loa:codigo+""00LV""}&format=html";"2026-10-02 (dataUltimaAtualizacao dos grafos: 2019=2023-04-29; 2020=2023-05-03; 2021 e 2022=2023-05-04; 2023=2024-08-27; 2024=2025-02-11; 2025=2026-01-24; 2026=2026-10-02)";2026-10-02;A;ambos;D1
FIN3-011;SIOP SPARQL - Função 12 (Educação): empenhado 2000–2026 (validação cruzada);Ministério do Planejamento e Orçamento - SIOP (endpoint SPARQL de dados abertos do orçamento federal, grafos http://orcamento.dados.gov.br/<ano>/);"https://www1.siop.planejamento.gov.br/sparql/?query=SELECT+?f+SUM(?e)+WHERE{?i+loa:temFuncao+?f%3Bloa:valorEmpenhado+?e.?f+loa:codigo+""12""}&format=html";"2026-10-02 (dataUltimaAtualizacao dos grafos: 2019=2023-04-29; 2020=2023-05-03; 2021 e 2022=2023-05-04; 2023=2024-08-27; 2024=2025-02-11; 2025=2026-01-24; 2026=2026-10-02)";2026-10-02;A;ambos;D1
FIN3-012;Mensagem Presidencial - Projeto de Lei Orçamentária Anual 2024;Presidência da República / Ministério do Planejamento e Orçamento;https://www.gov.br/planejamento/pt-br/assuntos/orcamento/repositorio-de-arquivos-legislacao-eleitoral/mensagem-presidencial-ploa-2024-ok.pdf/@@display-file/file;"2023-08-31 (envio do PLOA 2024; data exata do PDF não verificada)";2026-10-02;A;A (Lula 3);D1
FIN3-013;Mensagem Presidencial - PLOA 2023 (governo Bolsonaro, ago/2022);Presidência da República / Ministério do Planejamento (Economia em 2019-2022);https://www.gov.br/planejamento/pt-br/assuntos/orcamento/orcamentos-anuais/2023/ploa/Mensagem_Presidencial_2023.pdf/@@display-file/file;desconhecida;2026-10-02;A;B (Bolsonaro);D1
FIN3-014;Mensagem Presidencial - PLOA 2025;Presidência da República / Ministério do Planejamento (Economia em 2019-2022);https://www.gov.br/planejamento/pt-br/assuntos/orcamento/repositorio-de-arquivos-legislacao-eleitoral/mensagem-presidencial-ploa-2025-ok.pdf/@@display-file/file;desconhecida;2026-10-02;A;A (Lula 3);D1
FIN3-015;Mensagem Presidencial - PLOA 2026;Presidência da República / Ministério do Planejamento (Economia em 2019-2022);https://www.gov.br/planejamento/pt-br/assuntos/orcamento/orcamentos-anuais/2026/ploa/mensagem-presidencial-ploa-2026.pdf/@@display-file/file;desconhecida;2026-10-02;A;A (Lula 3);D1
FIN3-016;Mensagem Presidencial - PLOA 2022 (governo Bolsonaro, ago/2021);Presidência da República / Ministério do Planejamento (Economia em 2019-2022);https://www.gov.br/planejamento/pt-br/assuntos/orcamento/orcamentos-anuais/2022/ploa/MENSAGEMPRESIDENCIALPLOA20221.pdf/@@display-file/file;desconhecida;2026-10-02;A;B (Bolsonaro);D1
FLA-001;Página da atuação parlamentar do(a) Senador Flávio Bolsonaro;Senado Federal;https://www25.senado.leg.br/web/senadores/senador/-/perfil/5894;desconhecida;2026-10-02;A;Flavio;QP6
FLA-002;Dados abertos – Mandatos do senador 5894;Senado Federal (Dados Abertos);https://legis.senado.leg.br/dadosabertos/senador/5894/mandatos;desconhecida;2026-10-02;A;Flavio;QP6
FLA-003;Dados abertos – Participações em comissões do senador 5894;Senado Federal (Dados Abertos);https://legis.senado.leg.br/dadosabertos/senador/5894/comissoes;desconhecida;2026-10-02;A;Flavio;QP6
FLA-004;Perfil do deputado Flávio Bolsonaro – ALERJ (11ª Legislatura);Assembleia Legislativa do Estado do Rio de Janeiro (ALERJ);https://www.alerj.rj.gov.br/Deputados/PerfilDeputado/275?Legislatura=18;desconhecida;2026-10-02;A;Flavio;QP6
FLA-005;Cadastro de Proposições ALERJ – visão por autor (Flávio Bolsonaro), legislaturas 2007-2011, 2011-2015 e 2015-2019;ALERJ;http://alerjln1.alerj.rj.gov.br/scpro1115.nsf/flaviobolsonaroint?openform&expandview;desconhecida;2026-10-02;A;Flavio;QP6
FLA-006;Votações da PEC 26/2020 (Novo Fundeb) – dados abertos e página de votações;Senado Federal;https://legis.senado.leg.br/dadosabertos/votacao?codigoMateria=143611;2020-08-25;2026-10-02;A;Flavio;QP6
FLA-007;Diário do Senado Federal nº 111/2020 (sessão de 25/08/2020) – PEC 26/2020;Senado Federal;https://legis.senado.leg.br/diarios/BuscaPaginasDiario?codDiario=104751&paginaInicial=16&paginaFinal=22;2020-08-26;2026-10-02;A;Flavio;QP6
FLA-008;Votações e tramitação da PEC 13/2021 (responsabilização por descumprimento do art. 212 em 2020);Senado Federal;https://www25.senado.leg.br/web/atividade/materias/-/materia/148543;2021-09-21;2026-10-02;A;Flavio;QP6
FLA-009;Diário do Senado Federal nº 149/2021 (sessão de 15/09/2021) – PEC 13/2021, 1º turno;Senado Federal;https://legis.senado.leg.br/diarios/BuscaPaginasDiario?codDiario=107890&paginaInicial=40&paginaFinal=66;2021-09-16;2026-10-02;A;Flavio;QP6
FLA-010;Diário do Senado Federal nº 153/2021 (sessão de 21/09/2021) – PEC 13/2021, 2º turno;Senado Federal;https://legis.senado.leg.br/diarios/BuscaPaginasDiario?codDiario=107990&paginaInicial=14&paginaFinal=30;2021-09-22;2026-10-02;A;Flavio;QP6
FLA-011;Votações da PEC 23/2021 (PEC dos Precatórios) no Senado;Senado Federal;https://www25.senado.leg.br/web/atividade/materias/-/materia/150731/votacoes;2021-12-02;2026-10-02;A;Flavio;QP6
FLA-012;Diário do Senado Federal nº 200/2021 (sessão de 02/12/2021) – PEC 23/2021;Senado Federal;https://legis.senado.leg.br/diarios/BuscaPaginasDiario?codDiario=108930&paginaInicial=55&paginaFinal=73;2021-12-03;2026-10-02;A;Flavio;QP6
FLA-013;Emenda Constitucional nº 114, de 16 de dezembro de 2021;Presidência da República (Planalto);https://www.planalto.gov.br/ccivil_03/constituicao/emendas/emc/emc114.htm;2021-12-16;2026-10-02;A;contexto;QP6
FLA-014;PL 3.477/2020 – tramitação no Senado (internet para alunos e professores);Senado Federal;https://www25.senado.leg.br/web/atividade/materias/-/materia/146109;2021-02-24;2026-10-02;A;Flavio;QP6
FLA-015;Veto nº 10/2021 – painel de votação da sessão conjunta de 01/06/2021;Congresso Nacional;https://www.congressonacional.leg.br/materias/vetos/-/veto/detalhe/14045/1;2021-06-01;2026-10-02;A;Flavio;QP6
FLA-016;Diário do Congresso Nacional nº 21/2021 (sessão conjunta de 01/06/2021);Congresso Nacional / Senado Federal;https://legis.senado.leg.br/diarios/BuscaPaginasDiario?codDiario=106810&paginaInicial=69&paginaFinal=71;2021-06-03;2026-10-02;A;Flavio;QP6
FLA-017;PL 4.372/2020 (regulamentação do Fundeb) – tramitação no Senado;Senado Federal;https://www25.senado.leg.br/web/atividade/materias/-/materia/145887;2020-12-15;2026-10-02;A;Flavio;QP6
FLA-018;PLP 135/2020 (FNDCT) – votação nominal e orientação (DSF nº 103/2020);Senado Federal;https://legis.senado.leg.br/diarios/BuscaPaginasDiario?codDiario=104570&paginaInicial=17&paginaFinal=36;2020-08-14;2026-10-02;A;Flavio;QP6
FLA-019;PL 1.079/2020 (suspensão de obrigações do Fies) – votação e orientação (DSF nº 42/2020);Senado Federal;https://legis.senado.leg.br/diarios/BuscaPaginasDiario?codDiario=103724&paginaInicial=46&paginaFinal=65;2020-05-13;2026-10-02;A;Flavio;QP6
FLA-020;PL 1.277/2020 (prorrogação de prazos de acesso ao ensino superior/Enem) – votação e debate (DSF nº 44/2020);Senado Federal;https://legis.senado.leg.br/diarios/BuscaPaginasDiario?codDiario=103785&paginaInicial=73&paginaFinal=92;2020-05-20;2026-10-02;A;Flavio;QP6
FLA-021;PL 3.892/2020 (recursos para retorno às aulas presenciais) – votação e debate (DSF nº 116/2020);Senado Federal;https://legis.senado.leg.br/diarios/BuscaPaginasDiario?codDiario=104791&paginaInicial=18&paginaFinal=37;2020-09-02;2026-10-02;A;Flavio;QP6
FLA-022;PLP 195/2020 (PRONAIEEB – auxílio a instituições de ensino da educação básica) – votação e orientação (DSF nº 122/2020);Senado Federal;https://legis.senado.leg.br/diarios/BuscaPaginasDiario?codDiario=104830&paginaInicial=51&paginaFinal=70;2020-09-10;2026-10-02;A;Flavio;QP6
FLA-023;PL 4.725/2020 (remição de pena por curso educacional não formal) – votação e orientação (DSF nº 70/2021);Senado Federal;https://legis.senado.leg.br/diarios/BuscaPaginasDiario?codDiario=106611&paginaInicial=18&paginaFinal=30;2021-05-13;2026-10-02;A;Flavio;QP6
FLA-024;PL 2.201/2021 (prioridade de matrícula de crianças com deficiência) – votação (DSF nº 130/2021);Senado Federal;https://legis.senado.leg.br/diarios/BuscaPaginasDiario?codDiario=107610&paginaInicial=21&paginaFinal=40;2021-08-18;2026-10-02;A;Flavio;QP6
FLA-025;PL 486/2021 (validade de normas educacionais excepcionais – Lei 14.040) – votação e orientação (DSF nº 150/2021);Senado Federal;https://legis.senado.leg.br/diarios/BuscaPaginasDiario?codDiario=107950&paginaInicial=27&paginaFinal=40;2021-09-17;2026-10-02;A;Flavio;QP6
FLA-026;PLC 102/2018 (Pronatec executado por entidades de ATER) – votação e orientação (DSF de 29/06/2022);Senado Federal;https://legis.senado.leg.br/diarios/BuscaPaginasDiario?codDiario=110231&paginaInicial=17&paginaFinal=27;2022-06-29;2026-10-02;A;Flavio;QP6
FLA-027;Votação da MPV 934/2020 (PLV 22/2020 – normas excepcionais do ano letivo);Senado Federal (Dados Abertos);https://legis.senado.leg.br/dadosabertos/votacao?codigoMateria=141349;2020-07-23;2026-10-02;A;Flavio;QP6
FLA-028;Votação da MPV 1.075/2021 (ProUni) – Emenda nº 61 ao PLV 3/2022;Senado Federal (Dados Abertos);https://legis.senado.leg.br/dadosabertos/votacao?codigoMateria=151159;2022-04-26;2026-10-02;A;Flavio;QP6
FLA-029;PL 5.384/2020 (atualização da Lei de Cotas) – tramitação e votação nominal no Senado;Senado Federal;https://www25.senado.leg.br/web/atividade/materias/-/materia/159365;2023-10-24;2026-10-02;A;Flavio;QP6
FLA-030;Emenda nº 8-PLEN (Substitutiva) ao PL 5.384/2020 – texto;Senado Federal;http://legis.senado.leg.br/sdleg-getter/documento?dm=9487384;2023-10-24;2026-10-02;A;Flavio;QP6
FLA-031;Diário do Senado Federal nº 186/2023 (sessão de 24/10/2023) – PL 5.384/2020;Senado Federal;https://legis.senado.leg.br/diarios/BuscaPaginasDiario?codDiario=113913&paginaInicial=68&paginaFinal=85;2023-10-25;2026-10-02;A;Flavio;QP6
FLA-032;PL 5.230/2023 (reforma do ensino médio) – tramitação no Senado;Senado Federal;https://www25.senado.leg.br/web/atividade/materias/-/materia/162808;2024-06-19;2026-10-02;A;Flavio;QP6
FLA-033;PL 1.338/2022 (educação domiciliar/homeschooling) – situação no Senado;Senado Federal;https://www25.senado.leg.br/web/atividade/materias/-/materia/153194;2025-10-06;2026-10-02;A;contexto;QP6
FLA-034;PL 2.614/2024 (Plano Nacional de Educação 2026-2036) – tramitação no Senado;Senado Federal;https://www25.senado.leg.br/web/atividade/materias/-/materia/172100;2026-04-14;2026-10-02;A;Flavio;QP6
FLA-035;"PEC 54/2024 (EC 135/2024 – pacote fiscal; altera arts. 212 e 212-A/Fundeb) – votações e orientações (DSF nº 219/2024)";Senado Federal;https://www25.senado.leg.br/web/atividade/materias/-/materia/166889/votacoes;2024-12-19;2026-10-02;A;Flavio;QP6
FLA-036;PLP 243/2023 (despesas de programa de permanência de estudantes no ensino médio – Pé-de-Meia) – votação e orientação (DSF nº 208/2023);Senado Federal;https://legis.senado.leg.br/diarios/BuscaPaginasDiario?codDiario=114175&paginaInicial=30&paginaFinal=42;2023-11-30;2026-10-02;A;Flavio;QP6
FLA-037;PLP 235/2019 (Sistema Nacional de Educação) – votação e orientação (DSF nº 168/2025);Senado Federal;https://legis.senado.leg.br/diarios/BuscaPaginasDiario?codDiario=122397&paginaInicial=67&paginaFinal=80;2025-10-08;2026-10-02;A;Flavio;QP6
FLA-038;Votações nominais de Flávio Bolsonaro por período (dados abertos) – 2019 a 2026;Senado Federal (Dados Abertos);https://legis.senado.leg.br/dadosabertos/votacao?codigoParlamentar=5894&dataInicio=2019-02-01&dataFim=2026-09-30;2026-09-30;2026-10-02;A;Flavio;QP6
FLA-039;Proposições de autoria de Flávio Bolsonaro no Senado com temas de educação (serviço de processos);Senado Federal (Dados Abertos);https://legis.senado.leg.br/dadosabertos/processo?codigoParlamentarAutor=5894&termo=educa%C3%A7%C3%A3o;desconhecida;2026-10-02;A;Flavio;QP6
FLA-040;PLP 235/2019 (Sistema Nacional de Educação) – votação nominal de 09/03/2022 e orientação (DSF nº 27/2022);Senado Federal;https://legis.senado.leg.br/diarios/BuscaPaginasDiario?codDiario=109572&paginaInicial=38&paginaFinal=57;2022-03-10;2026-10-02;A;Flavio;QP6
FLA2-001;Dados abertos – Relatorias do senador Flávio Bolsonaro (serviço /processo/relatoria, consultado por janelas de data);Senado Federal (Dados Abertos);https://legis.senado.leg.br/dadosabertos/processo/relatoria?codigoParlamentar=5894;desconhecida (serviço dinâmico);2026-10-02;A;Flavio;QP6
FLA2-002;PL 2374/2019 – importações de bens destinados à pesquisa científica e tecnológica (Lei 8.010/1990): ficha da matéria e relatoria;Senado Federal;https://www25.senado.leg.br/web/atividade/materias/-/materia/136368;2019-04-16;2026-10-02;A;Flavio;QP6
FLA2-003;PL 1795/2023 – alarmes conectados a serviços públicos nas escolas (altera LDB): ficha e relatoria na CSP;Senado Federal;https://www25.senado.leg.br/web/atividade/materias/-/materia/156828;2023-04-12;2026-10-02;A;Flavio;QP6
FLA2-004;PL 1676/2023 – incolumidade das comunidades escolares (altera LDB): ficha e relatoria na CSP;Senado Federal;https://www25.senado.leg.br/web/atividade/materias/-/materia/156731;2023-04;2026-10-02;A;Flavio;QP6
FLA2-005;PL 1678/2023 – violência em estabelecimentos de ensino (Código Penal): ficha e relatoria na CSP;Senado Federal;https://www25.senado.leg.br/web/atividade/materias/-/materia/156733;2023-04-10;2026-10-02;A;Flavio;QP6
FLA2-006;PL 2315/2021 – direito à educação da pessoa com transtorno mental (altera Lei 10.216/2001): ficha e relatoria na CDH;Senado Federal;https://www25.senado.leg.br/web/atividade/materias/-/materia/148894;2021;2026-10-02;A;Flavio;QP6
FLA2-007;PL 1657/2023 – recursos do FNSP e de multas para segurança no ambiente escolar: ficha e relatoria na CSP;Senado Federal;https://www25.senado.leg.br/web/atividade/materias/-/materia/156718;2023-04-05;2026-10-02;A;Flavio;QP6
FLA2-008;Portal da Transparência – consulta de emendas parlamentares (autor FLAVIO BOLSONARO, função 12) e API de dados;Controladoria-Geral da União (Portal da Transparência);https://portaldatransparencia.gov.br/emendas/consulta?ordenarPor=autor&direcao=asc&autor=FLAVIO%20BOLSONARO&funcao=12;desconhecida;2026-10-02;A;Flavio;QP6
FLA2-009;Congresso Nacional – Orçamento da União: páginas LOA e ferramentas de emendas (SIGA Brasil, IG-Orçamento);Congresso Nacional / Senado Federal / Câmara dos Deputados;https://www.congressonacional.leg.br/web/orcamento/acompanhe/orcamento-anual/-/loa/2023;desconhecida;2026-10-02;A;Flavio;QP6
FLA2-010;ALERJ – PEC 52/2013 (coautoria de Flávio Bolsonaro): modifica o §2º do art. 210 da Constituição do ERJ;ALERJ (Cadastro de Proposições 2011-2015);https://alerjln1.alerj.rj.gov.br/scpro1115.nsf/e4bb858a5b3d42e383256cee006ab66a/8efacb230422473b83257b78004b72bc?OpenDocument;2013-05-27;2026-10-02;A;Flavio;QP6
FLA2-011;ALERJ – visões por autor (Flávio Bolsonaro) nas bases de proposições e de leis: categorias existentes e falhas de navegação;ALERJ;http://alerjln1.alerj.rj.gov.br/contlei.nsf/flaviobolsonaroint?OpenForm;desconhecida;2026-10-02;A;Flavio;QP6
GES-001;Dados Abertos do Senado - Mandatos do Senador Camilo Santana (código 6336);Senado Federal;https://legis.senado.leg.br/dadosabertos/senador/6336/mandatos;desconhecida;2026-10-02;A;A (Lula 3);D4
GES-002;Lei nº 15.437, de 18 de junho de 2026 (conversão da MP 1.334/2026) — piso salarial do magistério;Presidência da República / Casa Civil;https://www.planalto.gov.br/ccivil_03/_ato2023-2026/2026/lei/l15437.htm;2026-06-18;2026-10-02;A;A (Lula 3);D5
GES-003;Education at a Glance 2026 reúne dados sobre escolaridade e investimento em educação;Inep;https://www.gov.br/inep/pt-br/centrais-de-conteudo/noticias/acoes-internacionais/education-at-a-glance-2026-reune-dados-sobre-escolaridade-e-investimento-em-educacao;2026-09-29;2026-10-02;A;A (Lula 3);D4
GES-004;Ministry of Education (Brazil) — lista de ministros (Wikipedia, inglês);Wikipedia (fonte terciária);https://en.wikipedia.org/wiki/Ministry_of_Education_(Brazil);desconhecida;2026-10-02;D;ambos;D4
GES-005;Ex-presidentes do Inep;Inep;https://www.gov.br/inep/pt-br/acesso-a-informacao/institucional/ex-presidentes;2020-07-21 (atualizado em 2023-04-17);2026-10-02;A;ambos;D4
GES-006;Inep — Quem é quem (Presidente) e notícia de 10/09/2026;Inep;https://www.gov.br/inep/pt-br/acesso-a-informacao/institucional/quem-e-quem;"2024-03-19 (página); 2026-09-10 (notícia)";2026-10-02;A;A (Lula 3);D4
GES-007;Agenda de Carlos Eduardo Moreno Sampaio (Presidência do Inep) — 21 a 24/11/2022;Inep;https://www.gov.br/inep/pt-br/acesso-a-informacao/agenda-de-autoridades/presidencia/agenda-da-presidencia/2022-11-24;2022-11-24;2026-10-02;A;B (Bolsonaro);D4
GES-008;Presidentes do FNDE;FNDE;https://www.gov.br/fnde/pt-br/acesso-a-informacao/institucional/biografia/presidentes;2023-09-22 (atualizado 26/09/2023);2026-10-02;A;ambos;D4
GES-009;CNPq — Instrução Normativa 16/2026 e notícia de 06/03/2026 (Presidente do CNPq);CNPq;https://www.gov.br/cnpq/pt-br/composicao/comissao-de-integridade/IN16_2026.pdf;2026-04-17;2026-10-02;A;A (Lula 3);D4
GES-010;Wikipedia — CNPq e CAPES (listas de presidentes);Wikipedia (fonte terciária);https://pt.wikipedia.org/wiki/Conselho_Nacional_de_Desenvolvimento_Cient%C3%ADfico_e_Tecnol%C3%B3gico;desconhecida;2026-10-02;D;ambos;D4
GES-011;Acórdão 1859/2023 - TCU - Plenário (TC 045.649/2021-9) — Solicitação do Congresso Nacional: gestão do Enem e Enade no Inep;Tribunal de Contas da União;https://pesquisa.apps.tcu.gov.br/rest/publico/base/acordao-completo/documento?termo=KEY%3AACORDAO-COMPLETO-2611190&ordenacao=DTRELEVANCIA%20desc&quantidade=1&inicio=0;2023-09-06;2026-10-02;B;B (Bolsonaro);D4
GES-012;Acórdão 1223/2023 - TCU - Plenário (TC 045.050/2021-0) — Acompanhamento do Enem (Inep);Tribunal de Contas da União;https://pesquisa.apps.tcu.gov.br/rest/publico/base/acordao-completo/documento?termo=KEY%3AACORDAO-COMPLETO-2566127&ordenacao=DTRELEVANCIA%20desc&quantidade=1&inicio=0;2023-06-14;2026-10-02;B;B (Bolsonaro);D4
GES-013;Acórdão 2371/2023 - TCU - Plenário (TC 005.260/2022-1) — direcionamento de transferências voluntárias MEC/FNDE (PAR), jul/2020–mar/2022;Tribunal de Contas da União;https://pesquisa.apps.tcu.gov.br/rest/publico/base/acordao-completo/documento?termo=KEY%3AACORDAO-COMPLETO-2596797&ordenacao=DTRELEVANCIA%20desc&quantidade=1&inicio=0;2023-11-22;2026-10-02;B;B (Bolsonaro);D4
GES-014;Acórdão 2520/2026 - TCU - Plenário (TC 039.907/2023-6) — FNDE/PAR exercícios 2020-2022 (processo de audiência);Tribunal de Contas da União;https://pesquisa.apps.tcu.gov.br/rest/publico/base/acordao-completo/documento?termo=KEY%3AACORDAO-COMPLETO-2732474&ordenacao=DTRELEVANCIA%20desc&quantidade=1&inicio=0;2026-09-16;2026-10-02;B;B (Bolsonaro);D4
GES-015;Acórdão 1157/2022 - TCU - Plenário (TC 006.095/2022-4) — FNDE Pregão Eletrônico 02/2022 (ônibus rural escolar);Tribunal de Contas da União;https://pesquisa.apps.tcu.gov.br/rest/publico/base/acordao-completo/documento?termo=KEY%3AACORDAO-COMPLETO-2536006&ordenacao=DTRELEVANCIA%20desc&quantidade=1&inicio=0;2022-05-25;2026-10-02;B;B (Bolsonaro);D4
GES-016;Acórdão 61/2025 - TCU - Plenário (TC 024.312/2024-0) — Medida cautelar sobre financiamento do Pé-de-Meia;Tribunal de Contas da União;https://pesquisa.apps.tcu.gov.br/rest/publico/base/acordao-completo/documento?termo=KEY%3AACORDAO-COMPLETO-2697158&ordenacao=DTRELEVANCIA%20desc&quantidade=1&inicio=0;2025-01-22;2026-10-02;B;A (Lula 3);D4
GES-017;Acórdão 2261/2026 - TCU - Plenário (TC 024.312/2024-0) — arranjo orçamentário e financeiro do Pé-de-Meia (monitoramento);Tribunal de Contas da União;https://pesquisa.apps.tcu.gov.br/rest/publico/base/acordao-completo/documento?termo=KEY%3AACORDAO-COMPLETO-2736844&ordenacao=DTRELEVANCIA%20desc&quantidade=1&inicio=0;2026-08-25;2026-10-02;B;A (Lula 3);D4
GES-018;Acórdão 663/2026 - TCU - Plenário (TC 005.592/2025-9) — irregularidades na execução do Pé-de-Meia (beneficiários);Tribunal de Contas da União;https://pesquisa.apps.tcu.gov.br/rest/publico/base/acordao-completo/documento?termo=KEY%3AACORDAO-COMPLETO-2731658&ordenacao=DTRELEVANCIA%20desc&quantidade=1&inicio=0;2026-03-18;2026-10-02;B;A (Lula 3);D4
GES-019;Acórdão 1126/2026 - TCU - Plenário (TC 021.130/2025-6) — programas 5112 (EPT) e 5113 (Educação Superior), exercício 2025;Tribunal de Contas da União;https://pesquisa.apps.tcu.gov.br/rest/publico/base/acordao-completo/documento?termo=KEY%3AACORDAO-COMPLETO-2763994&ordenacao=DTRELEVANCIA%20desc&quantidade=1&inicio=0;2026-05-06;2026-10-02;B;A (Lula 3);D4
GES-020;Acórdão 2594/2026 - TCU - Plenário (TC 012.707/2022-8) — sistemas informatizados da política nacional de educação (Siope/Siconfi/Siafi/Siafic);Tribunal de Contas da União;https://portal.tcu.gov.br/imprensa/noticias/sistemas-informatizados-da-politica-nacional-de-educacao-passam-por-auditoria;2026-09-30;2026-10-02;B;ambos;D4
GES-021;Acórdão 2181/2026 - TCU - Plenário (TC 018.596/2023-1) — acompanhamento do Pregão Eletrônico 13/2022 do Inep (aplicação do Enem);Tribunal de Contas da União;https://pesquisa.apps.tcu.gov.br/rest/publico/base/acordao-completo/documento?termo=KEY%3AACORDAO-COMPLETO-2772267&ordenacao=DTRELEVANCIA%20desc&quantidade=1&inicio=0;2026-08-19;2026-10-02;B;ambos;D4
GES-022;Acórdão 1603/2025 - TCU - Primeira Câmara (TC 007.704/2022-4) — representação sobre contratos do Enem/Encceja, inscrições, GECC e BNI;Tribunal de Contas da União;https://pesquisa.apps.tcu.gov.br/rest/publico/base/acordao-completo/documento?termo=KEY%3AACORDAO-COMPLETO-2697418&ordenacao=DTRELEVANCIA%20desc&quantidade=1&inicio=0;2025-03-11;2026-10-02;B;ambos;D4
GES-023;Sinopses Estatísticas do Enem (página de download, 2009–2025);Inep;https://www.gov.br/inep/pt-br/acesso-a-informacao/dados-abertos/sinopses-estatisticas/enem;2020-11-17 (página);2026-10-02;A;ambos;D4
GES-024;Histórico do Enem;Inep;https://www.gov.br/inep/pt-br/areas-de-atuacao/avaliacao-e-exames-educacionais/enem/historico;desconhecida;2026-10-02;A;contexto;D4
GES-025;Medida Provisória nº 914, de 24 de dezembro de 2019 — processo de escolha dos dirigentes das universidades federais, IFs e Colégio Pedro II;Presidência da República;https://www.planalto.gov.br/ccivil_03/_ato2019-2022/2019/mpv/mpv914.htm;2019-12-24;2026-10-02;A;B (Bolsonaro);D4
GES-026;Medida Provisória nº 979, de 9 de junho de 2020 — designação de dirigentes pro tempore durante a pandemia;Presidência da República;https://www.planalto.gov.br/ccivil_03/_ato2019-2022/2020/mpv/mpv979.htm;2020-06-09;2026-10-02;A;B (Bolsonaro);D4
GES-027;Lei nº 15.367, de 30 de março de 2026 — RSC-PCCTAE, criação de cargos, critérios para nomeação de dirigentes de IES e outras providências;Presidência da República / Casa Civil;https://www.planalto.gov.br/ccivil_03/_ato2023-2026/2026/lei/L15367.htm;2026-03-30;2026-10-02;A;A (Lula 3);D4|D5
GES-028;Andifes — notas sobre o fim da lista tríplice (30/03/2026, 31/03/2026) e primeira nomeação (13/08/2026);Andifes;https://www.andifes.org.br/2026/08/13/joao-carlos-salles-da-ufba-e-o-primeiro-reitor-nomeado-apos-o-fim-da-lista-triplice/;2026-08-13;2026-10-02;C;A (Lula 3);D4
GES-029;Medida Provisória nº 1.334, de 21 de janeiro de 2026 — piso salarial profissional nacional do magistério;Presidência da República;https://www.planalto.gov.br/ccivil_03/_ato2023-2026/2026/mpv/mpv1334.htm;2026-01-21;2026-10-02;A;A (Lula 3);D5
GES-030;Exposição de Motivos nº 143/2026 (MEC) — MP 1.334/2026;Ministério da Educação;https://www.planalto.gov.br/ccivil_03/_ato2023-2026/2026/Exm/Exm-MP-1334-26.pdf;2026-01-19;2026-10-02;A;A (Lula 3);D5
GES-031;Medida Provisória nº 1.170/2023 e EMI nº 53/2023 MGI/MPO — reajuste de 9% dos servidores civis do Executivo federal;"Presidência da República; MGI/MPO";https://www.planalto.gov.br/ccivil_03/_ato2023-2026/2023/Exm/Exm-1170-23.pdf;2023-04-28;2026-10-02;A;A (Lula 3);D5
GES-032;Lei nº 14.673, de 14 de setembro de 2023 (conversão da MP 1.170/2023);Presidência da República / Casa Civil;https://www.planalto.gov.br/ccivil_03/_ato2023-2026/2023/lei/L14673.htm;2023-09-14;2026-10-02;A;A (Lula 3);D5
GES-033;Medida Provisória nº 1.286, de 31 de dezembro de 2024, e EMI nº 140/2024/MGI/MPO;"Presidência da República; MGI/MPO";https://www.planalto.gov.br/ccivil_03/_ato2023-2026/2024/mpv/mpv1286.htm;2024-12-31;2026-10-02;A;A (Lula 3);D5
GES-034;Lei nº 15.141, de 2 de junho de 2025 (conversão da MP 1.286/2024);Presidência da República / Casa Civil;https://www.planalto.gov.br/ccivil_03/_ato2023-2026/2025/lei/L15141.htm;2025-06-02;2026-10-02;A;A (Lula 3);D5
GES-035;Lei nº 13.325, de 29 de julho de 2016 — remuneração de servidores da educação (parcelas até 2019);Presidência da República;https://www.planalto.gov.br/ccivil_03/_ato2015-2018/2016/lei/l13325.htm;2016-07-29;2026-10-02;A;contexto;D5
GES-036;Decreto nº 10.185, de 20 de dezembro de 2019 — extinção de cargos vagos e vedação de concursos;Presidência da República;https://www.planalto.gov.br/ccivil_03/_ato2019-2022/2019/decreto/D10185.htm;2019-12-20;2026-10-02;A;B (Bolsonaro);D5
GES-037;Acórdão 2590/2024 - TCU - Plenário (TC 032.972/2022-5) — complementação da União ao Fundeb (menciona piso do magistério);Tribunal de Contas da União;https://pesquisa.apps.tcu.gov.br/rest/publico/base/acordao-completo/documento?termo=KEY%3AACORDAO-COMPLETO-2635112&ordenacao=DTRELEVANCIA%20desc&quantidade=1&inicio=0;2024-12-04;2026-10-02;B;ambos;D5
GES-038;Relatório de Gestão FNDE 2021 — Financiamento da Educação Básica;FNDE;https://www.gov.br/fnde/pt-br/acesso-a-informacao/transparencia-e-prestacao-de-contas/relatorio-de-gestao-1/relatorios-de-gestao-anos-anteriores/relatorio-de-gestao-2021/resultados-da-gestao-1/financiamento-da-educacao-basica;2021-09-22;2026-10-02;A;contexto;D5
GES-039;Enem: Faltam 60 dias para a aplicação da prova;Inep;https://www.gov.br/inep/pt-br/centrais-de-conteudo/noticias/enem/enem-faltam-60-dias-para-a-aplicacao-da-prova;2026-09-09;2026-10-02;A;A (Lula 3);D4
GES2-001;Acórdão 2419/2020 - TCU - Plenário (TC 024.070/2020-3) - representação sobre viagem de ex-ministro da Educação após exoneração;Tribunal de Contas da União;https://pesquisa.apps.tcu.gov.br/rest/publico/base/acordao-completo/documento?termo=KEY%3AACORDAO-COMPLETO-2423161&ordenacao=DTRELEVANCIA%20desc&quantidade=1&inicio=0;2020-09-09;2026-10-03;B;B (Bolsonaro);D4
GES2-002;Acórdão 18007/2021 - TCU - Segunda Câmara (TC 006.102/2021-2) - Prestação de contas do Ministério da Educação, exercício 2019;Tribunal de Contas da União;https://pesquisa.apps.tcu.gov.br/rest/publico/base/acordao-completo/documento?termo=KEY%3AACORDAO-COMPLETO-2515528&ordenacao=DTRELEVANCIA%20desc&quantidade=1&inicio=0;2021-10-19;2026-10-03;B;B (Bolsonaro);D4
GES2-003;Acórdão 1344/2025 - TCU - Primeira Câmara (TC 019.362/2023-4) - Prestação de Contas Ordinária do Ministério da Educação, exercício 2022;Tribunal de Contas da União;https://pesquisa.apps.tcu.gov.br/rest/publico/base/acordao-completo/documento?termo=KEY%3AACORDAO-COMPLETO-2687453&ordenacao=DTRELEVANCIA%20desc&quantidade=1&inicio=0;2025-02-25;2026-10-03;B;B (Bolsonaro);D4
GES2-004;Acórdão 3581/2025 - TCU - Segunda Câmara (TC 018.004/2024-5) - Prestação de Contas Ordinária do Ministério da Educação, exercício 2023;Tribunal de Contas da União;https://pesquisa.apps.tcu.gov.br/rest/publico/base/acordao-completo/documento?termo=KEY%3AACORDAO-COMPLETO-2715816&ordenacao=DTRELEVANCIA%20desc&quantidade=1&inicio=0;2025-07-01;2026-10-03;B;A (Lula 3);D4
GES2-005;Acórdão 8117/2025 - TCU - Primeira Câmara (TC 005.190/2025-8) - Prestação de contas do Ministério da Educação, exercício 2024;Tribunal de Contas da União;https://pesquisa.apps.tcu.gov.br/rest/publico/base/acordao-completo/documento?termo=KEY%3AACORDAO-COMPLETO-2728123&ordenacao=DTRELEVANCIA%20desc&quantidade=1&inicio=0;2025-11-18;2026-10-03;B;A (Lula 3);D4
GES2-006;Acórdão 921/2026 - TCU - Plenário (TC 005.683/2025-4) - Representação: acordos de cooperação com a OEI e possível conflito de interesses de gestor;Tribunal de Contas da União;https://pesquisa.apps.tcu.gov.br/rest/publico/base/acordao-completo/documento?termo=KEY%3AACORDAO-COMPLETO-2750069&ordenacao=DTRELEVANCIA%20desc&quantidade=1&inicio=0;2026-04-15;2026-10-03;B;A (Lula 3);D4
GES2-007;Acórdão 2859/2009 - TCU - Primeira Câmara (TC 017.953/2006-8) - Prestação de contas da Capes, exercício 2005;Tribunal de Contas da União;https://pesquisa.apps.tcu.gov.br/rest/publico/base/acordao-completo/documento?termo=KEY%3AACORDAO-COMPLETO-1127945&ordenacao=DTRELEVANCIA%20desc&quantidade=1&inicio=0;2009-06-02;2026-10-03;B;A (Lula 3);D4
GES2-008;Acórdão 6618/2012 - TCU - Primeira Câmara (TC 028.046/2009-7) - recurso em TCE de bolsista Capes;Tribunal de Contas da União;https://pesquisa.apps.tcu.gov.br/rest/publico/base/acordao-completo/documento?termo=KEY%3AACORDAO-COMPLETO-1253952&ordenacao=DTRELEVANCIA%20desc&quantidade=1&inicio=0;2012-10-30;2026-10-03;B;A (Lula 3);D4
GES2-009;Acórdão 2383/2008 - TCU - Primeira Câmara (TC 020.252/2007-2) - Prestação de contas da Capes, exercício 2006;Tribunal de Contas da União;https://pesquisa.apps.tcu.gov.br/rest/publico/base/acordao-completo/documento?termo=KEY%3AACORDAO-COMPLETO-119403&ordenacao=DTRELEVANCIA%20desc&quantidade=1&inicio=0;2008-08-05;2026-10-03;B;A (Lula 3);D4
GES2-010;Acórdão 1142/2007 - TCU - Segunda Câmara (TC 006.623/2007-2) - atos de admissão de pessoal da Capes;Tribunal de Contas da União;https://pesquisa.apps.tcu.gov.br/rest/publico/base/acordao-completo/documento?termo=KEY%3AACORDAO-COMPLETO-116593&ordenacao=DTRELEVANCIA%20desc&quantidade=1&inicio=0;2007-05-22;2026-10-03;B;A (Lula 3);D4
GES2-011;Acórdão 1011/2006 - TCU - Segunda Câmara (TC 021.406/2005-9 e outros) - atos de admissão da Controladoria-Geral da União;Tribunal de Contas da União;https://pesquisa.apps.tcu.gov.br/rest/publico/base/acordao-completo/documento?termo=KEY%3AACORDAO-COMPLETO-111306&ordenacao=DTRELEVANCIA%20desc&quantidade=1&inicio=0;2006-05-02;2026-10-03;B;B (Bolsonaro);D4
GES2-012;Acórdão 556/2015 - TCU - Primeira Câmara (TC 016.512/2014-6) - aposentadoria, Universidade Federal de Juiz de Fora;Tribunal de Contas da União;https://pesquisa.apps.tcu.gov.br/rest/publico/base/acordao-completo/documento?termo=KEY%3AACORDAO-COMPLETO-1367068&ordenacao=DTRELEVANCIA%20desc&quantidade=1&inicio=0;2015-02-10;2026-10-03;B;B (Bolsonaro);D4
GES2-013;Acórdão 5777/2015 - TCU - Segunda Câmara (TC 015.173/2015-1) - atos de admissão, Universidade Federal de São Paulo;Tribunal de Contas da União;https://pesquisa.apps.tcu.gov.br/rest/publico/base/acordao-completo/documento?termo=KEY%3AACORDAO-COMPLETO-1503794&ordenacao=DTRELEVANCIA%20desc&quantidade=1&inicio=0;2015-08-25;2026-10-03;B;B (Bolsonaro);D4
GES2-014;Acórdão 3394/2023 - TCU - Segunda Câmara (TC 046.733/2020-5) - Prestação de contas da Presidência da República, exercício 2019;Tribunal de Contas da União;https://pesquisa.apps.tcu.gov.br/rest/publico/base/acordao-completo/documento?termo=KEY%3AACORDAO-COMPLETO-2524191&ordenacao=DTRELEVANCIA%20desc&quantidade=1&inicio=0;2023-05-09;2026-10-03;B;B (Bolsonaro);D4
GES2-015;Acórdão 2371/2023 - TCU - Plenário (TC 005.260/2022-1) - direcionamento de transferências voluntárias MEC/FNDE (PAR);Tribunal de Contas da União;https://pesquisa.apps.tcu.gov.br/rest/publico/base/acordao-completo/documento?termo=KEY%3AACORDAO-COMPLETO-2596797&ordenacao=DTRELEVANCIA%20desc&quantidade=1&inicio=0;2023-11-22;2026-10-03;B;B (Bolsonaro);D4
GES2-016;Acórdão 2633/2006 - TCU - Segunda Câmara (TC 013.032/2006-0) - atos de admissão do Ibama;Tribunal de Contas da União;https://pesquisa.apps.tcu.gov.br/rest/publico/base/acordao-completo/documento?termo=KEY%3AACORDAO-COMPLETO-114391&ordenacao=DTRELEVANCIA%20desc&quantidade=1&inicio=0;2006-09-26;2026-10-03;B;A (Lula 3);D4
GES2-017;Acórdão 889/2018 - TCU - Primeira Câmara (TC 036.840/2017-3) - Prestação de contas do Fundo Constitucional de Financiamento do Nordeste, exercício 2016;Tribunal de Contas da União;https://pesquisa.apps.tcu.gov.br/rest/publico/base/acordao-completo/documento?termo=KEY%3AACORDAO-COMPLETO-2293790&ordenacao=DTRELEVANCIA%20desc&quantidade=1&inicio=0;2018-02-06;2026-10-03;B;A (Lula 3);D4
GES2-018;Acórdão 1654/2025 - TCU - Primeira Câmara (TC 026.149/2024-9) - TCE, recursos repassados ao Governo do Estado do Ceará;Tribunal de Contas da União;https://pesquisa.apps.tcu.gov.br/rest/publico/base/acordao-completo/documento?termo=KEY%3AACORDAO-COMPLETO-2703046&ordenacao=DTRELEVANCIA%20desc&quantidade=1&inicio=0;2025-03-11;2026-10-03;B;A (Lula 3);D4
GES2-019;Acórdão 2971/2019 - TCU - Plenário (TC 009.154/2019-1) - convênio FNDE para construção de unidade escolar;Tribunal de Contas da União;https://pesquisa.apps.tcu.gov.br/rest/publico/base/acordao-completo/documento?termo=KEY%3AACORDAO-COMPLETO-2389292&ordenacao=DTRELEVANCIA%20desc&quantidade=1&inicio=0;2019-12-10;2026-10-03;B;B (Bolsonaro);D4
GES2-020;Decreto nº 9.665, de 2 de janeiro de 2019 - Estrutura Regimental do MEC;Presidência da República;https://www.planalto.gov.br/ccivil_03/_ato2019-2022/2019/decreto/D9665.htm;2019-01-02;2026-10-03;A;B (Bolsonaro);D4
GES2-021;Decreto nº 9.765, de 11 de abril de 2019 - Política Nacional de Alfabetização;Presidência da República;https://www.planalto.gov.br/ccivil_03/_ato2019-2022/2019/decreto/D9765.htm;2019-04-11;2026-10-03;A;B (Bolsonaro);D4
GES2-022;Medida Provisória nº 979, de 9 de junho de 2020 - dirigentes pro tempore das IFEs;Presidência da República;https://www.planalto.gov.br/ccivil_03/_ato2019-2022/2020/mpv/mpv979.htm;2020-06-09;2026-10-03;A;B (Bolsonaro);D4
GES2-023;Lei nº 14.040, de 18 de agosto de 2020 - normas educacionais excepcionais (calamidade pública);Presidência da República;https://www.planalto.gov.br/ccivil_03/_ato2019-2022/2020/lei/L14040.htm;2020-08-18;2026-10-03;A;B (Bolsonaro);D4
GES2-024;Decreto nº 11.238, de 18 de outubro de 2022 - Estatuto da Capes;Presidência da República;https://www.planalto.gov.br/ccivil_03/_ato2019-2022/2022/decreto/D11238.htm;2022-10-18;2026-10-03;A;B (Bolsonaro);D4
GES2-025;Lei nº 14.407, de 12 de julho de 2022 - LDB, formação do leitor;Presidência da República;https://www.planalto.gov.br/ccivil_03/_ato2019-2022/2022/lei/L14407.htm;2022-07-12;2026-10-03;A;B (Bolsonaro);D4
GES2-026;Decreto nº 11.342, de 1º de janeiro de 2023 - Estrutura Regimental do MEC;Presidência da República;https://www.planalto.gov.br/ccivil_03/_ato2023-2026/2023/decreto/D11342.htm;2023-01-01;2026-10-03;A;A (Lula 3);D4
GES2-027;Lei nº 15.388, de 14 de abril de 2026 - Plano Nacional de Educação;Presidência da República;https://www.planalto.gov.br/ccivil_03/_ato2023-2026/2026/lei/l15388.htm;2026-04-14;2026-10-03;A;A (Lula 3);D4
GES2-028;Dados Abertos do Senado - mandatos e exercícios do Senador Camilo Santana (código 6336);Senado Federal;https://legis.senado.leg.br/dadosabertos/senador/6336/mandatos;desconhecida;2026-10-03;A;A (Lula 3);D4
GES2-029;Memorial da Assembleia Legislativa do Ceará (MALCE) - Deputados provinciais e estaduais eleitos e suplentes convocados 1835 a 2015;Assembleia Legislativa do Estado do Ceará;https://www.al.ce.gov.br/userfiles/files/deputadosnahistoria.pdf;desconhecida;2026-10-03;A;A (Lula 3);D4
GES2-030;Agenda do Presidente do Inep (Danilo Dupas Ribeiro) - 16/03/2022;Inep;https://www.gov.br/inep/pt-br/acesso-a-informacao/agenda-de-autoridades/presidencia/agenda-da-presidencia-2/2022-03-16;2022-03-16;2026-10-03;A;B (Bolsonaro);D4
GES2-031;Ricardo Vélez Rodríguez (Wikipedia, inglês);Wikipedia (fonte terciária);https://en.wikipedia.org/wiki/Ricardo_V%C3%A9lez_Rodr%C3%ADguez;desconhecida;2026-10-03;D;B (Bolsonaro);D4
GES2-032;Abraham Weintraub (Wikipedia, inglês);Wikipedia (fonte terciária);https://en.wikipedia.org/wiki/Abraham_Weintraub;desconhecida;2026-10-03;D;B (Bolsonaro);D4
GES2-033;Milton Ribeiro (Wikipedia, inglês);Wikipedia (fonte terciária);https://en.wikipedia.org/wiki/Milton_Ribeiro;desconhecida;2026-10-03;D;B (Bolsonaro);D4
GES2-034;Victor Godoy Veiga (Wikipedia, português);Wikipedia (fonte terciária);https://pt.wikipedia.org/wiki/Victor_Godoy_Veiga;desconhecida;2026-10-03;D;B (Bolsonaro);D4
GES2-035;Victor Godoy, new minister of Education (Agência Brasil);Agência Brasil / EBC (imprensa);https://agenciabrasil.ebc.com.br/en/educacao/noticia/2022-03/victor-godoy-new-minister-education;2022-03-30;2026-10-03;D;B (Bolsonaro);D4
GES2-036;Camilo Santana (Wikipedia, inglês);Wikipedia (fonte terciária);https://en.wikipedia.org/wiki/Camilo_Santana;desconhecida;2026-10-03;D;A (Lula 3);D4
GES2-037;Carlos Decotelli (Wikipedia, inglês);Wikipedia (fonte terciária);https://en.wikipedia.org/wiki/Carlos_Decotelli;desconhecida;2026-10-03;D;B (Bolsonaro);D4
GES2-038;Leonardo Barchini (Wikipedia, inglês);Wikipedia (fonte terciária);https://en.wikipedia.org/wiki/Leonardo_Barchini;desconhecida;2026-10-03;D;A (Lula 3);D4
GES2-039;Quem é Leonardo Barchini, novo ministro da Educação (CNN Brasil);CNN Brasil (imprensa);https://www.cnnbrasil.com.br/educacao/quem-e-leonardo-barchini-novo-ministro-da-educacao/;2026-04-02;2026-10-03;D;A (Lula 3);D4
GES3-001;Filósofo Ricardo Vélez Rodríguez é indicado para ministro da Educação;Agência Brasil (EBC) (imprensa);https://agenciabrasil.ebc.com.br/educacao/noticia/2018-11/ricardo-velez-rodriguez-e-indicado-para-ministro-da-educacao;2018-11-22;2026-10-03;D;B (Bolsonaro);D4
GES3-002;Bolsonaro diz que faltou 'gestão' e 'expertise' de Vélez à frente do MEC;Poder360 (imprensa);https://www.poder360.com.br/governo/bolsonaro-diz-que-faltou-gestao-e-expertise-de-velez-a-frente-do-mec/;2019-04-08;2026-10-03;D;B (Bolsonaro);D4
GES3-003;Abraham Weintraub será ouvido pela Comissão de Educação no início de maio;Agência Senado (imprensa);https://www12.senado.leg.br/noticias/materias/2019/04/23/abraham-weintraub-sera-ouvido-pela-comissao-de-educacao-no-inicio-de-maio;2019-04-23;2026-10-03;D;B (Bolsonaro);D4
GES3-004;Senadores protestam ao ministro da Educação contra filmagem de estudantes;Agência Senado (imprensa);https://www12.senado.leg.br/noticias/materias/2019/02/26/senadores-protestam-ao-ministro-da-educacao-contra-filmagem-de-estudantes;2019-02-26;2026-10-03;D;B (Bolsonaro);D4
GES3-005;"Passa no RH: demissões no governo tiveram fritura pública como padrão; relembre";Poder360 (imprensa);https://www.poder360.com.br/governo/passa-no-rh-demissoes-no-governo-tiveram-fritura-publica-como-padrao-relembre/;2019-12-30;2026-10-03;D;B (Bolsonaro);D4
GES3-006;Saiba quem é Abraham Weintraub, o novo ministro da Educação;Poder360 (imprensa);https://www.poder360.com.br/governo/saiba-quem-e-abraham-weintraub-o-novo-ministro-da-educacao/;2019-04-08;2026-10-03;D;B (Bolsonaro);D4
GES3-007;Relembre a trajetória de Abraham Weintraub, ex-ministro de Bolsonaro candidato a deputado federal por SP;Gazeta do Povo (imprensa);https://www.gazetadopovo.com.br/eleicoes/2022/sp/quem-e-abraham-weintraub-pre-candidato-do-pmb-ao-governo-de-sp/;2022-09-28;2026-10-03;D;B (Bolsonaro);D4
GES3-008;CGU determina demissão de Abraham Weintraub da Unifesp por faltas injustificadas;CNN Brasil (imprensa);https://www.cnnbrasil.com.br/politica/cgu-determina-demissao-de-abraham-weintraub-da-unifesp-por-faltas-injustificadas/;2024-02-07;2026-10-03;D;B (Bolsonaro);D4
GES3-009;Weintraub diz que irá recorrer de demissão da Unifesp;Poder360 (imprensa);https://www.poder360.com.br/brasil/weintraub-diz-que-ira-recorrer-de-demissao-da-unifesp/;2024-02-07;2026-10-03;D;B (Bolsonaro);D4
GES3-010;Abraham Weintraub anuncia saída do Ministério da Educação;Agência Brasil (EBC) (imprensa);https://agenciabrasil.ebc.com.br/educacao/noticia/2020-06/abraham-weintraub-anuncia-saida-do-ministerio-da-educacao;2020-06-18;2026-10-03;D;B (Bolsonaro);D4
GES3-011;Governo indica Weintraub para o Banco Mundial;Agência Brasil (EBC) (imprensa);https://agenciabrasil.ebc.com.br/economia/noticia/2020-06/governo-indica-weintraub-para-o-banco-mundial;2020-06-18;2026-10-03;D;B (Bolsonaro);D4
GES3-012;STJ nega pedido para suspender corte de verbas de universidades federais;Poder360 (imprensa);https://www.poder360.com.br/governo/stj-nega-pedido-para-suspender-corte-de-verbas-de-universidades-federais/;2019-05-10;2026-10-03;D;B (Bolsonaro);D4
GES3-013;Ministro nega corte para universidades federais e defende educação básica;Agência Senado (imprensa);https://www12.senado.leg.br/noticias/materias/2019/05/07/ministro-nega-corte-para-universidades-federais-e-defende-educacao-basica;2019-05-07;2026-10-03;D;B (Bolsonaro);D4
GES3-014;Weintraub é punido por citar 'balbúrdia' em universidades e ofender imagem de Paulo Freire;Gazeta do Povo (imprensa);https://www.gazetadopovo.com.br/vida-e-cidadania/weintraub-e-punido-por-citar-balburdia-em-universidades-e-ofender-imagem-de-paulo-freire/;2023-07-03;2026-10-03;D;B (Bolsonaro);D4
GES3-015;Ministro da Educação usa chocolates para explicar cortes no ensino superior;Poder360 (imprensa);https://www.poder360.com.br/governo/ministro-da-educacao-usa-chocolates-para-explicar-cortes-no-ensino-superior/;2019-05-09;2026-10-03;D;B (Bolsonaro);D4
GES3-016;Publicado decreto que torna sem efeito nomeação de Decotelli;Agência Brasil (EBC) (imprensa);https://agenciabrasil.ebc.com.br/politica/noticia/2020-07/publicado-decreto-que-torna-sem-efeito-nomeacao-de-dicotelli;2020-07-01;2026-10-03;D;B (Bolsonaro);D4
GES3-017;Reitor de universidade argentina diz que Decotelli não tem título de doutor;Poder360 (imprensa);https://www.poder360.com.br/governo/reitor-de-universidade-argentina-diz-que-decotelli-nao-tem-titulo-de-doutor/;2020-06-26;2026-10-03;D;B (Bolsonaro);D4
GES3-018;Decotelli atualiza currículo e destaca passagem de 5 dias pelo MEC;Poder360 (imprensa);https://www.poder360.com.br/brasil/decotelli-atualiza-curriculo-e-destaca-passagem-de-5-dias-pelo-mec/;2020-07-04;2026-10-03;D;B (Bolsonaro);D4
GES3-019;Bolsonaro nomeia Milton Ribeiro ministro da Educação;Poder360 (imprensa);https://www.poder360.com.br/governo/bolsonaro-nomeia-milton-ribeiro-como-novo-ministro-da-educacao/;2020-07-10;2026-10-03;D;B (Bolsonaro);D4
GES3-020;Milton Ribeiro toma posse como ministro da Educação;Poder360 (imprensa);https://www.poder360.com.br/governo/milton-ribeiro-toma-posse-como-ministro-da-educacao/;2020-07-16;2026-10-03;D;B (Bolsonaro);D4
GES3-021;Comissão da Covid-19 recebe ministro da Educação, Milton Ribeiro, na quinta-feira;Agência Senado (imprensa);https://www12.senado.leg.br/noticias/materias/2020/09/15/comissao-da-covid-19-recebe-ministro-da-educacao-milton-ribeiro-na-quinta-feira;2020-09-15;2026-10-03;D;B (Bolsonaro);D4
GES3-022;Ministro da Educação pede exoneração do cargo;Agência Brasil (EBC) (imprensa);https://agenciabrasil.ebc.com.br/politica/noticia/2022-03/ministro-da-educacao-pede-exoneracao-do-cargo;2022-03-28;2026-10-03;D;B (Bolsonaro);D4
GES3-023;Polícia Federal deflagra operação contra desvios no FNDE;Agência Brasil (EBC) (imprensa);https://agenciabrasil.ebc.com.br/justica/noticia/2022-06/policia-federal-deflagra-operacao-contra-desvios-no-fnde;2022-06-22;2026-10-03;D;B (Bolsonaro);D4
GES3-024;Delegado do caso Milton Ribeiro é indiciado por abuso de autoridade;Poder360 (imprensa);https://www.poder360.com.br/justica/delegado-do-caso-milton-ribeiro-e-indiciado-por-abuso-de-autoridade/;2024-03-29;2026-10-03;D;B (Bolsonaro);D4
GES3-025;MPF pede que Justiça continue investigação sobre Bolsonaro e Milton Ribeiro;CNN Brasil (imprensa);https://www.cnnbrasil.com.br/politica/mpf-pede-que-justica-continue-investigacao-sobre-bolsonaro-e-milton-ribeiro/;2024-08-21;2026-10-03;D;B (Bolsonaro);D4
GES3-026;Comissão da presidência pune ex-ministro de Bolsonaro por 'condutas ilícitas';Gazeta do Povo (imprensa);https://www.gazetadopovo.com.br/republica/comissao-presidencia-pune-ex-ministro-bolsonaro-condutas-ilicitas/;2024-10-23;2026-10-03;D;B (Bolsonaro);D4
GES3-027;Pastores do MEC: Comissão de Ética pune ex-ministro de Bolsonaro;Metrópoles (imprensa);https://www.metropoles.com/colunas/tacio-lorran/pastores-do-mec-comissao-de-etica;2024-10-22;2026-10-03;D;B (Bolsonaro);D4
GES3-028;Ex-ministro da Educação de Bolsonaro vira réu por homofobia;Poder360 (imprensa);https://www.poder360.com.br/poder-justica/ex-ministro-bolsonaro-reu-homofobia/;2025-03-20;2026-10-03;D;B (Bolsonaro);D4
GES3-029;Ex-ministro Milton Ribeiro vira réu por discriminação à homossexualidade;Gazeta do Povo (imprensa);https://www.gazetadopovo.com.br/vida-e-cidadania/ex-ministro-milton-ribeiro-reu-discriminacao-homossexualidade/;2025-03-21;2026-10-03;D;B (Bolsonaro);D4
GES3-030;Victor Godoy is Brazil's new minister of education;Agência Brasil (EBC) - edição em inglês (imprensa);https://agenciabrasil.ebc.com.br/en/educacao/noticia/2022-03/victor-godoy-new-minister-education;2022-03-30;2026-10-03;D;B (Bolsonaro);D4
GES3-031;Presidente Bolsonaro efetiva ministro da Educação;Agência Brasil (EBC) (imprensa);https://agenciabrasil.ebc.com.br/educacao/noticia/2022-04/presidente-bolsonaro-efetiva-ministro-da-educacao;2022-04-18;2026-10-03;D;B (Bolsonaro);D4
GES3-032;Novo ministro diz à CNN que vai manter equipe de Milton Ribeiro no MEC;CNN Brasil (imprensa);https://www.cnnbrasil.com.br/nacional/novo-ministro-diz-a-cnn-que-vai-manter-equipe-de-milton-ribeiro-no-mec/;2022-04-19;2026-10-03;D;B (Bolsonaro);D4
GES3-033;Após cortes, MEC libera verbas para pagar bolsas da Capes e outros custos;CNN Brasil (imprensa);https://www.cnnbrasil.com.br/politica/apos-cortes-ministro-da-educacao-anuncia-liberacao-de-verba-para-despesas-discricionarias/;2022-12-08;2026-10-03;D;B (Bolsonaro);D4
GES3-034;MEC libera R$ 460 milhões para despesas da Educação;Poder360 (imprensa);https://www.poder360.com.br/governo/mec-libera-r-460-milhoes-para-despesas-da-educacao/;2022-12-08;2026-10-03;D;B (Bolsonaro);D4
GES3-035;Vaga do Ceará no Senado será disputada por quatro candidatos;Agência Senado (imprensa);https://www12.senado.leg.br/noticias/materias/2022/08/26/vaga-do-ceara-no-senado-sera-disputada-por-cinco-candidatos;2022-08-26;2026-10-03;D;A (Lula 3);D4
GES3-036;Camilo Santana é eleito presidente da Comissão de Educação e Cultura;Agência Senado (imprensa);https://www12.senado.leg.br/noticias/materias/2026/07/08/camilo-santana-e-eleito-presidente-da-comissao-de-educacao-e-cultura;2026-07-08;2026-10-03;D;A (Lula 3);D4
GES3-037;Lula diz que Camilo Santana deixará o MEC para atuar em campanha eleitoral;CNN Brasil (imprensa);https://www.cnnbrasil.com.br/eleicoes/lula-diz-que-camilo-santana-deixara-o-mec-para-atuar-em-campanha-eleitoral/;2026-03-23;2026-10-03;D;A (Lula 3);D4
GES3-038;Lula descarta Camilo Santana candidato: 'Cabo eleitoral importante';Metrópoles (imprensa);https://www.metropoles.com/brasil/lula-descarta-camilo-santana-candidato-cabo-eleitoral-importante;2026-04-01;2026-10-03;D;A (Lula 3);D4
GES3-039;Camilo Santana se emociona ao se despedir do MEC: 'Dever cumprido';Metrópoles (imprensa);https://www.metropoles.com/brasil/camilo-santana-se-emociona-ao-se-despedir-do-mec-dever-cumprido;2026-04-01;2026-10-03;D;A (Lula 3);D4
GES3-040;Lula oficializa saída de Camilo Santana do MEC;Poder360 (imprensa);https://www.poder360.com.br/poder-governo/lula-oficializa-saida-de-camilo-santana-do-mec/;2026-04-02;2026-10-03;D;A (Lula 3);D4
GES3-041;Prisco Bezerra anuncia projeto para premiar escola por desempenho no Ideb;Agência Senado (imprensa);https://www12.senado.leg.br/noticias/materias/2020/02/13/prisco-bezerra-anuncia-projeto-para-premiar-escola-por-desempenho-no-ideb;2020-02-13;2026-10-03;D;contexto;D4
GES3-042;Subcomissão propõe tornar alfabetização na idade certa uma política de Estado;Agência Senado (imprensa);https://www12.senado.leg.br/noticias/materias/2024/12/11/subcomissao-propoe-tornar-alfabetizacao-na-idade-certa-uma-politica-de-estado;2024-12-11;2026-10-03;D;contexto;D4
GES3-043;Pé-de-Meia reduz abandono escolar no ensino médio em 43%, diz governo;CNN Brasil (imprensa);https://www.cnnbrasil.com.br/educacao/pe-de-meia-reduz-abandono-escolar-no-ensino-medio-em-43-em-dois-anos/;2026-04-02;2026-10-03;D;A (Lula 3);D4
GES3-044;Ministros do TCU questionam 'desorçamentação' em Pé-de-Meia e Desenrola;Poder360 (imprensa);https://www.poder360.com.br/poder-economia/ministros-do-tcu-questionam-desorcamentacao-em-pe-de-meia-e-desenrola/;2026-08-25;2026-10-03;D;A (Lula 3);D4
GES3-045;Lula anuncia R$ 2 bi para alfabetização de crianças em 4 anos;Poder360 (imprensa);https://www.poder360.com.br/educacao/lula-anuncia-r-2-bi-para-alfabetizacao-de-criancas-em-4-anos/;2023-06-12;2026-10-03;D;A (Lula 3);D4
GES3-046;Quem é Leonardo Barchini, novo ministro da Educação;CNN Brasil (imprensa);https://www.cnnbrasil.com.br/educacao/quem-e-leonardo-barchini-novo-ministro-da-educacao/;2026-04-02;2026-10-03;D;A (Lula 3);D4
GES3-047;Lula anuncia Leonardo Barchini como novo ministro da Educação;Gazeta do Povo (imprensa);https://www.gazetadopovo.com.br/republica/lula-anuncia-leonardo-barchini-como-novo-ministro-da-educacao/;2026-03-30;2026-10-03;D;A (Lula 3);D4
GES3-048;Lula assina portaria que autoriza 19 institutos federais em 12 Estados;Poder360 (imprensa);https://www.poder360.com.br/poder-educacao/lula-assina-portaria-que-autoriza-19-institutos-federais-em-12-estados/;2026-09-26;2026-10-03;D;A (Lula 3);D4
IMP1-001;Decisão de cortar verbas para universidades repercute no Senado;Agência Senado (imprensa);https://www12.senado.leg.br/noticias/materias/2019/04/30/decisao-de-cortar-verbas-para-universidades-repercute-no-senado;2019-04-30;2026-10-03;D;B (Bolsonaro);D1
IMP1-002;STJ nega pedido para suspender corte de verbas de universidades federais;Poder360 (imprensa);https://www.poder360.com.br/governo/stj-nega-pedido-para-suspender-corte-de-verbas-de-universidades-federais/;2019-05-10;2026-10-03;D;B (Bolsonaro);D1
IMP1-003;Andifes: bloqueio a universidades é de 54% de verbas discricionárias;Agência Brasil (EBC) (imprensa);https://agenciabrasil.ebc.com.br/educacao/noticia/2019-05/andifes-bloqueio-universidades-e-de-54-de-verbas-discricionarias;2019-05-16;2026-10-03;D;B (Bolsonaro);D1
IMP1-004;UFRJ pode paralisar serviços por limitação orçamentária;Agência Brasil (EBC) (imprensa);https://agenciabrasil.ebc.com.br/educacao/noticia/2019-08/ufrj-pode-paralisar-servicos-por-limitacao-orcamentaria;2019-08-06;2026-10-03;D;B (Bolsonaro);D1
IMP1-005;Mobilização por educação ganha apoio de senadores na CCJ;Agência Senado (imprensa);https://www12.senado.leg.br/noticias/materias/2019/05/15/mobilizacao-por-educacao-ganha-apoio-de-senadores-na-ccj;2019-05-15;2026-10-03;D;B (Bolsonaro);D1
IMP1-006;Educação, Economia e Defesa vão receber 65% dos recursos desbloqueados;Agência Brasil (EBC) (imprensa);https://agenciabrasil.ebc.com.br/economia/noticia/2019-09/educacao-economia-e-defesa-vao-receber-65-dos-recursos-desbloqueados;2019-09-20;2026-10-03;D;B (Bolsonaro);D1
IMP1-007;Telmário elogia desbloqueio de verbas do MEC;Agência Senado (imprensa);https://www12.senado.leg.br/noticias/materias/2019/10/01/telmario-elogia-desbloqueio-de-verbas-do-mec-1;2019-10-01;2026-10-03;D;B (Bolsonaro);D1
IMP1-008;Governo libera R$ 2,61 bilhões para universidades federais;Agência Brasil (EBC) (imprensa);https://agenciabrasil.ebc.com.br/educacao/noticia/2021-05/governo-libera-r-261-bilhoes-para-universidades-federais;2021-05-14;2026-10-03;D;B (Bolsonaro);D1
IMP1-009;Falta de orçamento paralisa universidades federais e pesquisas sobre covid;Poder360 (imprensa);https://www.poder360.com.br/brasil/falta-de-orcamento-paralisa-universidades-federais-e-pesquisas-sobre-covid/;2021-06-07;2026-10-03;D;B (Bolsonaro);D1
IMP1-010;Governo desbloqueia R$ 4 bilhões do Orçamento de 2021;Poder360 (imprensa);https://www.poder360.com.br/governo/governo-desbloqueia-r-4-bilhoes-do-orcamento-de-2021/;2021-06-09;2026-10-03;D;B (Bolsonaro);D1
IMP1-011;Ciência e Tecnologia e Educação lideram bloqueio orçamentário;Agência Brasil (EBC) (imprensa);https://agenciabrasil.ebc.com.br/economia/noticia/2022-06/ciencia-e-tecnologia-e-educacao-lideram-bloqueio-orcamentario;2022-06-06;2026-10-03;D;B (Bolsonaro);D1
IMP1-012;Comissão pode convocar ministro da Educação para explicar corte de R$ 619 milhões;Agência Senado (imprensa);https://www12.senado.leg.br/noticias/materias/2022/07/01/comissao-pode-convocar-ministro-da-educacao-para-explicar-corte-de-r-619-milhoes;2022-07-01;2026-10-03;D;B (Bolsonaro);D1
IMP1-013;Limite de recursos para universidades é temporário, diz ministro;Agência Brasil (EBC) (imprensa);https://agenciabrasil.ebc.com.br/educacao/noticia/2022-10/limite-de-recursos-para-universidades-e-temporario-diz-ministro;2022-10-06;2026-10-03;D;B (Bolsonaro);D1
IMP1-014;Leila critica bloqueio de verbas na educação;Agência Senado (imprensa);https://www12.senado.leg.br/noticias/materias/2022/10/06/leila-critica-bloqueio-de-verbas-na-educacao;2022-10-06;2026-10-03;D;B (Bolsonaro);D1
IMP1-015;Governo vai editar MP para liberar R$ 2 bi para Educação;Poder360 (imprensa);https://www.poder360.com.br/educacao/governo-vai-editar-mp-para-liberar-r-2-bi-para-educacao/;2022-12-14;2026-10-03;D;B (Bolsonaro);D1
IMP1-016;MEC informa desbloqueio de R$ 2 bilhões em orçamento das universidades;Agência Brasil (EBC) (imprensa);https://agenciabrasil.ebc.com.br/politica/noticia/2022-12/mec-informa-desbloqueio-de-r-2-bilhoes-em-orcamento-das-universidades;2022-12-16;2026-10-03;D;B (Bolsonaro);D1
IMP1-017;Congresso rejeita reduzir verbas de fundo de ciência e tecnologia;Agência Senado (imprensa);https://www12.senado.leg.br/noticias/materias/2022/07/12/congresso-rejeita-reduzir-verbas-de-fundo-de-ciencia-e-tecnologia;2022-07-12;2026-10-03;D;B (Bolsonaro);D1
IMP1-018;Senadores querem derrubar MP que retira recursos da Ciência;Agência Senado (imprensa);https://www12.senado.leg.br/noticias/materias/2022/10/26/senadores-querem-derrubar-mp-que-retira-recursos-da-ciencia;2022-10-26;2026-10-03;D;B (Bolsonaro);D1
IMP1-019;Medidas provisórias que limitavam gastos com cultura perdem validade;Agência Brasil (EBC) (imprensa);https://agenciabrasil.ebc.com.br/politica/noticia/2023-02/medidas-provisorias-que-limitavam-gastos-com-cultura-perdem-validade;2023-02-04;2026-10-03;D;ambos;D1
IMP1-020;Universidades federais pedem mais recursos para fechar contas;Agência Brasil (EBC) (imprensa);https://agenciabrasil.ebc.com.br/educacao/noticia/2023-12/universidades-federais-pedem-mais-recursos-para-fechar-contas;2023-12-15;2026-10-03;D;A (Lula 3);D1
IMP1-021;Associação critica redução no orçamento de universidades para 2024;Poder360 (imprensa);https://www.poder360.com.br/educacao/associacao-critica-reducao-no-orcamento-de-universidades-para-2024/;2023-12-23;2026-10-03;D;A (Lula 3);D1
IMP1-022;Educação e Transportes lideram novos bloqueios no Orçamento;Agência Brasil (EBC) (imprensa);https://agenciabrasil.ebc.com.br/economia/noticia/2023-09/educacao-e-transportes-lideram-novos-bloqueios-no-orcamento;2023-09-29;2026-10-03;D;A (Lula 3);D1
IMP1-023;Educação é órgão mais afetado por bloqueio de R$ 5,5 bi no Orçamento;Poder360 (imprensa);https://www.poder360.com.br/poder-economia/educacao-e-a-mais-afetada-por-bloqueio-de-r-55-bi-no-orcamento/;2024-11-30;2026-10-03;D;A (Lula 3);D1
IMP1-024;Lula se reúne com reitores para tratar de cortes nas universidades;Poder360 (imprensa);https://www.poder360.com.br/poder-educacao/lula-se-reune-com-reitores-para-tratar-de-cortes-nas-universidades/;2025-05-26;2026-10-03;D;A (Lula 3);D1
IMP1-025;Governo congela R$ 31,3 bi do Orçamento de 2025;Agência Brasil (EBC) (imprensa);https://agenciabrasil.ebc.com.br/economia/noticia/2025-05/governo-congela-r-313-bi-do-orcamento-de-2025;2025-05-22;2026-10-03;D;A (Lula 3);D1
IMP1-026;Orçamento 2026 traz corte de quase R$ 500 milhões para universidades;Agência Brasil (EBC) (imprensa);https://agenciabrasil.ebc.com.br/educacao/noticia/2025-12/orcamento-2026-traz-corte-de-quase-r-500-milhoes-para-universidades;2025-12-23;2026-10-03;D;A (Lula 3);D1
IMP1-027;Orçamento 2026 traz corte de quase R$ 500 milhões para universidades;Poder360 (imprensa);https://www.poder360.com.br/poder-educacao/orcamento-2026-traz-corte-de-quase-r-500-milhoes-para-universidades/;2025-12-24;2026-10-03;D;A (Lula 3);D1
IMP1-028;Defesa e Cidades lideram bloqueios no Orçamento de 2026;Agência Brasil (EBC) (imprensa);https://agenciabrasil.ebc.com.br/economia/noticia/2026-05/defesa-e-cidades-lideram-bloqueios-no-orcamento-de-2026;2026-05-30;2026-10-03;D;A (Lula 3);D1
IMP1-029;Governo anuncia bloqueio de R$ 22,1 bi no Orçamento federal;Poder360 (imprensa);https://www.poder360.com.br/poder-economia/governo-anuncia-bloqueio-de-r-221-bi-no-orcamento-federal/;2026-05-22;2026-10-03;D;A (Lula 3);D1
IMP1-030;Defesa e Educação são mais afetados por contenção no Orçamento;Poder360 (imprensa);https://www.poder360.com.br/poder-governo/defesa-e-educacao-sao-mais-afetados-por-contencao-no-orcamento/;2026-10-01;2026-10-03;D;A (Lula 3);D1
IMP1-031;Audiência aponta sustentabilidade do fundo nacional de ciência e tecnologia;Agência Senado (imprensa);https://www12.senado.leg.br/noticias/materias/2024/11/13/audiencia-aponta-sustentabilidade-do-fundo-nacional-de-ciencia-e-tecnologia-contra-corte;2024-11-13;2026-10-03;D;ambos;D1
IMP1-032;Congresso aprova crédito de R$ 4,2 bi para Ciência e Tecnologia;Poder360 (imprensa);https://www.poder360.com.br/congresso/congresso-aprova-credito-de-r-42-bi-para-ciencia-e-tecnologia/;2023-04-27;2026-10-03;D;A (Lula 3);D1
IMP1-033;Vetos no Orçamento alcançam fundo para ciência e duas rodovias;Agência Senado (imprensa);https://www12.senado.leg.br/noticias/materias/2025/04/11/vetos-no-orcamento-alcancam-fundo-para-ciencia-e-duas-obras;2025-04-11;2026-10-03;D;A (Lula 3);D1
IMP1-034;Piso salarial para o magistério é reajustado em 4,17%;Agência Brasil (EBC) (imprensa);https://agenciabrasil.ebc.com.br/educacao/noticia/2019-01/piso-salarial-para-o-magisterio-e-reajustado-em-417;2019-01-10;2026-10-03;D;B (Bolsonaro);D5
IMP1-035;Governo federal anuncia aumento do piso dos professores;Agência Brasil (EBC) (imprensa);https://agenciabrasil.ebc.com.br/politica/noticia/2020-01/governo-federal-anuncia-aumento-do-piso-dos-professores;2020-01-16;2026-10-03;D;B (Bolsonaro);D5
IMP1-036;Professores da educação básica terão reajuste no piso salarial;Agência Brasil (EBC) (imprensa);https://agenciabrasil.ebc.com.br/politica/noticia/2022-01/professores-da-educacao-basica-terao-reajuste-no-piso-salarial;2022-01-27;2026-10-03;D;B (Bolsonaro);D5
IMP1-037;Governo reajusta piso salarial dos professores em 15%;Poder360 (imprensa);https://www.poder360.com.br/educacao/governo-reajusta-piso-salarial-dos-professores-em-15/;2023-01-17;2026-10-03;D;A (Lula 3);D5
IMP1-038;Após reajuste, CE debate aplicação do novo piso do magistério;Agência Senado (imprensa);https://www12.senado.leg.br/noticias/materias/2023/05/19/apos-reajuste-ce-debate-aplicacao-do-novo-piso-do-magisterio;2023-05-19;2026-10-03;D;A (Lula 3);D5
IMP1-039;CNM critica reajuste de 3,62% no piso nacional do magistério;Poder360 (imprensa);https://www.poder360.com.br/educacao/cnm-critica-reajuste-de-362-no-piso-nacional-do-magisterio/;2024-02-01;2026-10-03;D;A (Lula 3);D5
IMP1-040;"Piso salarial de professores da educação básica é reajustado em 3,62%; valor vai a R$ 4.580,57";CNN Brasil (imprensa);https://www.cnnbrasil.com.br/economia/seu-bolso/meu-dinheiro/piso-salarial-de-professores-da-educacao-basica-e-reajustado-em-362-valor-vai-a-r-4-58057/;2024-02-01;2026-10-03;D;A (Lula 3);D5
IMP1-041;Ministro da Educação assina aumento do piso salarial dos professores;Poder360 (imprensa);https://www.poder360.com.br/poder-educacao/ministro-da-educacao-assina-aumento-do-piso-salarial-dos-professores/;2025-01-30;2026-10-03;D;A (Lula 3);D5
IMP1-042;"""De onde sai o dinheiro?"", pergunta CNM sobre piso dos professores";Poder360 (imprensa);https://www.poder360.com.br/poder-educacao/de-onde-sai-o-dinheiro-pergunta-cnm-sobre-piso-dos-professores/;2025-02-11;2026-10-03;D;A (Lula 3);D5
IMP1-043;Medida provisória reajusta piso do magistério para R$ 5,1 mil em 2026;Agência Senado (imprensa);https://www12.senado.leg.br/noticias/materias/2026/01/22/medida-provisoria-reajusta-piso-do-magisterio-para-r-5-1-mil-em-2026;2026-01-22;2026-10-03;D;A (Lula 3);D5
IMP1-044;Lula muda cálculo do piso do magistério e leva valor a R$ 5.130,63;Poder360 (imprensa);https://www.poder360.com.br/poder-governo/lula-muda-calculo-do-piso-do-magisterio-e-leva-valor-a-r-5-13063/;2026-01-21;2026-10-03;D;A (Lula 3);D5
IMP1-045;Sancionado piso de R$ 5.130 para professores da educação básica;Agência Senado (imprensa);https://www12.senado.leg.br/noticias/materias/2026/06/19/sancionado-piso-de-r-5-130-para-professores-de-educacao-basica;2026-06-19;2026-10-03;D;A (Lula 3);D5
IMP1-046;Lula sanciona aumento de 5,4% do piso salarial de professores;CNN Brasil (imprensa);https://www.cnnbrasil.com.br/politica/lula-sanciona-aumento-de-54-do-piso-salarial-de-professores/;2026-06-19;2026-10-03;D;A (Lula 3);D5
IMP1-047;Senado aprova piso de R$ 5.130 para professores e nova regra de reajuste;Agência Senado (imprensa);https://www12.senado.leg.br/noticias/materias/2026/05/26/senado-aprova-piso-de-r-5-130-para-professores-e-nova-regra-de-reajuste;2026-05-26;2026-10-03;D;A (Lula 3);D5
IMP1-048;"Senado rejeita veto a reajustes a policiais, médicos e professores na pandemia; texto depende da Câmara";Agência Senado (imprensa);https://www12.senado.leg.br/noticias/materias/2020/08/19/senado-derruba-veto-a-reajustes-a-policiais-medicos-e-professores-na-pandemia-texto-depende-da-camara;2020-08-19;2026-10-03;D;B (Bolsonaro);D5
IMP1-049;Plenário vota liberação a servidores de pagamentos congelados na pandemia;Agência Senado (imprensa);https://www12.senado.leg.br/noticias/materias/2025/12/08/plenario-vota-liberacao-a-servidores-de-pagamentos-congelados-na-pandemia;2025-12-08;2026-10-03;D;contexto;D5
IMP1-050;Bolsonaro sanciona reajuste de R$ 1,7 bi a funcionários públicos;Poder360 (imprensa);https://www.poder360.com.br/governo/bolsonaro-sanciona-reajuste-de-r-17-bi-a-funcionarios-publicos/;2022-01-24;2026-10-03;D;B (Bolsonaro);D5
IMP1-051;Funcionários públicos federais fazem manifestação em frente ao Banco Central;Poder360 (imprensa);https://www.poder360.com.br/brasil/funcionarios-publicos-protestam-em-frente-ao-banco-central/;2022-01-18;2026-10-03;D;B (Bolsonaro);D5
IMP1-052;Governo reserva R$ 11,7 bilhões para reajuste de servidores em 2023;Agência Senado (imprensa);https://www12.senado.leg.br/noticias/materias/2022/04/18/governo-reserva-r-11-7-bilhoes-para-reajuste-de-servidores-em-2023;2022-04-18;2026-10-03;D;B (Bolsonaro);D5
IMP1-053;Medida provisória reajusta em 9% salários dos servidores civis do Executivo;Agência Senado (imprensa);https://www12.senado.leg.br/noticias/materias/2023/05/02/medida-provisoria-reajusta-em-9-salarios-dos-servidores-civis-do-executivo;2023-05-02;2026-10-03;D;A (Lula 3);D5
IMP1-054;Câmara aprova MP que aumenta o salário de funcionários públicos;Poder360 (imprensa);https://www.poder360.com.br/congresso/camara-aprova-mp-que-aumenta-o-salario-de-funcionarios-publicos/;2023-08-22;2026-10-03;D;A (Lula 3);D5
IMP1-055;Ao menos 23 universidades federais estão em greve, dizem associações;Poder360 (imprensa);https://www.poder360.com.br/educacao/ao-menos-23-universidades-federais-estao-em-greve-dizem-associacoes/;2024-04-23;2026-10-03;D;A (Lula 3);D5
IMP1-056;Sem acordo, greve nacional dos técnicos em educação superior é debatida na CE;Agência Senado (imprensa);https://www12.senado.leg.br/noticias/materias/2024/06/05/sem-acordo-greve-nacional-dos-tecnicos-em-educacao-superior-e-debatida-na-ce;2024-06-05;2026-10-03;D;A (Lula 3);D5
IMP1-057;Apesar de acordo com o governo, 55 universidades seguem em greve;Poder360 (imprensa);https://www.poder360.com.br/educacao/apesar-de-acordo-com-o-governo-55-universidades-seguem-em-greve/;2024-06-06;2026-10-03;D;A (Lula 3);D5
IMP1-058;Professores decidem encerrar greve em faculdades federais;Poder360 (imprensa);https://www.poder360.com.br/educacao/professores-decidem-encerrar-greve-em-faculdades-federais/;2024-06-23;2026-10-03;D;A (Lula 3);D5
IMP1-059;Governo e entidades da educação assinam acordo para encerrar greve;Poder360 (imprensa);https://www.poder360.com.br/educacao/governo-e-entidades-da-educacao-assinam-acordo-para-encerrar-greve/;2024-06-27;2026-10-03;D;A (Lula 3);D5
IMP1-060;Reajuste de servidores federais do Executivo vai à sanção;Agência Senado (imprensa);https://www12.senado.leg.br/noticias/materias/2024/05/29/reajuste-de-servidores-federais-do-executivo-vai-a-sancao;2024-05-29;2026-10-03;D;A (Lula 3);D5
IMP1-061;Senado confirma reajuste para servidores do Executivo federal, que vai a sanção;Agência Senado (imprensa);https://www12.senado.leg.br/noticias/materias/2025/05/28/senado-confirma-reajuste-para-servidores-do-executivo-federal-que-vai-a-sancao;2025-05-28;2026-10-03;D;A (Lula 3);D5
IMP2-001;MEC pretende implantar no país 108 escolas cívico-militares até 2023;Agência Brasil (EBC) (imprensa);https://agenciabrasil.ebc.com.br/educacao/noticia/2019-07/mec-pretende-implantar-no-pa%C3%ADs-108-escolas-c%C3%ADvico-militares-ate-2023;2019-07-11;2026-10-03;D;B (Bolsonaro);D2
IMP2-002;Weintraub divulga escolas cívico-militares para 2020;Agência Brasil (EBC) (imprensa);https://agenciabrasil.ebc.com.br/educacao/noticia/2020-02/weintraub-divulga-escolas-civico-militares-para-2020;2020-02-26;2026-10-03;D;B (Bolsonaro);D2
IMP2-003;Governo prevê adesão de 54 escolas ao modelo cívico-militar em 2021;Agência Brasil (EBC) (imprensa);https://agenciabrasil.ebc.com.br/educacao/noticia/2020-12/governo-preve-adesao-de-54-escolas-ao-modelo-civico-militar-em-2021;2020-12-28;2026-10-03;D;B (Bolsonaro);D2
IMP2-004;Governo prevê implantação de 216 escolas cívico-militares até 2022;Agência Brasil (EBC) (imprensa);https://agenciabrasil.ebc.com.br/politica/noticia/2021-11/governo-preve-implantacao-de-216-escolas-civico-militares-ate-2022;2021-11-24;2026-10-03;D;B (Bolsonaro);D2
IMP2-005;MEC lança relatório com 52 ações na educação básica;Agência Brasil (EBC) (imprensa);https://agenciabrasil.ebc.com.br/educacao/noticia/2022-05/mec-lanca-relatorio-com-52-acoes-na-educacao-basica;2022-05-02;2026-10-03;D;B (Bolsonaro);D2|D3
IMP2-006;Escolas cívico-militares vão continuar em ao menos 19 UFs;Poder360 (imprensa);https://www.poder360.com.br/educacao/escolas-civico-militares-vao-continuar-em-ao-menos-19-ufs/;2023-07-14;2026-10-03;D;ambos;D2
IMP2-007;Governo federal vai encerrar programa de escolas cívico-militares;Agência Brasil (EBC) (imprensa);https://agenciabrasil.ebc.com.br/educacao/noticia/2023-07/governo-federal-vai-encerrar-programa-de-escolas-civico-militares;2023-07-12;2026-10-03;D;A (Lula 3);D2
IMP2-008;Publicado decreto que revoga Programa de Escolas Cívico-Militares;Agência Brasil (EBC) (imprensa);https://agenciabrasil.ebc.com.br/educacao/noticia/2023-07/publicado-decreto-que-revoga-programa-escolas-civico-militares;2023-07-21;2026-10-03;D;A (Lula 3);D2
IMP2-009;Governo oficializa fim do programa de escolas cívico-militares;Poder360 (imprensa);https://www.poder360.com.br/educacao/governo-oficializa-fim-do-programa-de-escolas-civico-militares/;2023-07-21;2026-10-03;D;A (Lula 3);D2
IMP2-010;Senadores elogiam liminar que suspende decreto sobre educação especial;Agência Senado (imprensa);https://www12.senado.leg.br/noticias/materias/2020/12/02/senadores-elogiam-liminar-que-suspende-decreto-sobre-educacao-especial;2020-12-02;2026-10-03;D;B (Bolsonaro);D2
IMP2-011;MEC defende educação especial para crianças com deficiência;Poder360 (imprensa);https://www.poder360.com.br/educacao/mec-defende-educacao-especial-para-criancas-com-deficiencia/;2021-08-30;2026-10-03;D;B (Bolsonaro);D2
IMP2-012;Saiba quais são os 11 decretos e 3 MPs baixadas por Lula após posse;Poder360 (imprensa);https://www.poder360.com.br/governo/saiba-quais-sao-os-11-decretos-e-3-mps-baixadas-por-lula-apos-posse/;2023-01-02;2026-10-03;D;A (Lula 3);D2
IMP2-013;'Revogaço' de Lula atinge decretos que já eram alvos do Senado;Agência Senado (imprensa);https://www12.senado.leg.br/noticias/materias/2023/01/04/201crevogaco201d-de-lula-atinge-decretos-que-ja-eram-alvo-do-senado;2023-01-04;2026-10-03;D;A (Lula 3);D2
IMP2-014;Vetado projeto que dava acesso à internet a alunos e professores da rede pública;Agência Senado (imprensa);https://www12.senado.leg.br/noticias/materias/2021/03/19/vetado-projeto-que-dava-acesso-a-internet-a-alunos-e-professores-da-rede-publica;2021-03-19;2026-10-03;D;B (Bolsonaro);D2
IMP2-015;Auxílio para internet em escolas públicas é um dos 18 vetos na pauta do Congresso;Agência Senado (imprensa);https://www12.senado.leg.br/noticias/materias/2021/05/27/auxilio-para-internet-em-escolas-publicas-e-um-dos-18-vetos-na-pauta-do-congresso;2021-05-27;2026-10-03;D;B (Bolsonaro);D2
IMP2-016;Congresso derruba veto e confirma R$ 3,5 bi para internet de alunos e professores da rede pública;Agência Senado (imprensa);https://www12.senado.leg.br/noticias/materias/2021/06/01/congresso-derruba-veto-e-confirma-r-3-5-bi-para-internet-de-alunos-e-professores-da-rede-publica;2021-06-01;2026-10-03;D;B (Bolsonaro);D2
IMP2-017;Liberados mais de R$ 3,5 bi para internet de professores e alunos de escolas públicas;Agência Senado (imprensa);https://www12.senado.leg.br/noticias/audios/2022/01/liberados-mais-de-r-3-5-bi-para-internet-de-professores-e-alunos-de-escolas-publicas;2022-01-03;2026-10-03;D;B (Bolsonaro);D2|D3
IMP2-018;Governo quer manter Fundeb em 2021 igual ao de 2020 e aumentar só em 2022;Poder360 (imprensa);https://www.poder360.com.br/governo/governo-quer-manter-fundeb-em-2021-igual-ao-de-2020-e-aumentar-so-em-2022/;2020-07-19;2026-10-03;D;B (Bolsonaro);D2
IMP2-019;Câmara aprova PEC que aumenta verbas da União para a educação básica;Poder360 (imprensa);https://www.poder360.com.br/brasil/camara-aprova-pec-que-aumenta-verbas-da-uniao-para-a-educacao-basica/;2020-07-21;2026-10-03;D;B (Bolsonaro);D2
IMP2-020;Fundeb é vitória do governo em 'comum acordo' com Congresso, diz Bolsonaro;Poder360 (imprensa);https://www.poder360.com.br/governo/fundeb-e-vitoria-do-governo-em-comum-acordo-com-congresso-diz-bolsonaro/;2020-07-22;2026-10-03;D;B (Bolsonaro);D2
IMP2-021;Senado aprova PEC do Fundeb, que será promulgada nesta quarta;Agência Senado (imprensa);https://www12.senado.leg.br/noticias/materias/2020/08/25/pec-do-fundeb-permanente-e-aprovada-no-senado-por-unanimidade;2020-08-25;2026-10-03;D;B (Bolsonaro);D2
IMP2-022;Senadores criticam proposta de tirar dinheiro do Fundeb para o Renda Cidadã;Agência Senado (imprensa);https://www12.senado.leg.br/noticias/materias/2020/09/29/senadores-criticam-proposta-de-tirar-dinheiro-do-fundeb-para-o-renda-cidada;2020-09-29;2026-10-03;D;B (Bolsonaro);D2
IMP2-023;Senadores celebram novo Fundeb sancionado sem vetos;Agência Senado (imprensa);https://www12.senado.leg.br/noticias/materias/2020/12/28/senadores-celebram-novo-fundeb-sancionado-sem-vetos;2020-12-28;2026-10-03;D;B (Bolsonaro);D2
IMP2-024;Bolsonaro sanciona sem vetos a lei que regulamenta o Fundeb;Poder360 (imprensa);https://www.poder360.com.br/governo/bolsonaro-sanciona-sem-vetos-a-lei-que-regulamenta-o-fundeb/;2020-12-26;2026-10-03;D;B (Bolsonaro);D2
IMP2-025;Perde eficácia MP que mudava eleição de reitores de universidades federais;Agência Senado (imprensa);https://www12.senado.leg.br/noticias/materias/2020/06/02/perde-eficacia-mp-que-mudava-eleicao-de-reitores-de-universidades-federais;2020-06-02;2026-10-03;D;B (Bolsonaro);D2
IMP2-026;MP de Bolsonaro dá a Weintraub poder para escolher reitores universitários;Poder360 (imprensa);https://www.poder360.com.br/governo/mp-de-bolsonaro-da-a-weintraub-poder-para-escolher-reitores-universitarios/;2020-06-10;2026-10-03;D;B (Bolsonaro);D2
IMP2-027;Davi Alcolumbre devolve MP que permitia ao governo indicar reitores sem eleição;Agência Senado (imprensa);https://www12.senado.leg.br/noticias/audios/2020/06/davi-alcolumbre-devolve-mp-que-permitia-ao-governo-indicar-reitores-sem-eleicao;2020-06-15;2026-10-03;D;B (Bolsonaro);D2
IMP2-028;Universidades federais terão acesso a fundo de R$ 50 bi em imóveis (Future-se);Poder360 (imprensa);https://www.poder360.com.br/governo/ministerio-da-educacao-tera-fundo-de-r-1026-bi-para-universidades-federais/;2019-07-17;2026-10-03;D;contexto;D2
IMP2-029;Câmara conclui projeto que autoriza a educação domiciliar;Poder360 (imprensa);https://www.poder360.com.br/congresso/camara-conclui-projeto-que-autoriza-a-educacao-domiciliar/;2022-05-19;2026-10-03;D;contexto;D2
IMP2-030;Reforma do Novo Ensino Médio é sancionada com veto a mudança no Enem;Agência Senado (imprensa);https://www12.senado.leg.br/noticias/materias/2024/08/01/reforma-do-novo-ensino-medio-e-sancionada-com-veto-a-mudanca-no-enem;2024-08-01;2026-10-03;D;A (Lula 3);D2
IMP2-031;Sancionada ampliação da Lei de Cotas;Agência Senado (imprensa);https://www12.senado.leg.br/noticias/materias/2023/11/14/sancionada-ampliacao-da-lei-de-cotas;2023-11-14;2026-10-03;D;A (Lula 3);D2
IMP2-032;Cotas avançam nas vagas para Enem em universidades públicas;Poder360 (imprensa);https://www.poder360.com.br/poder-educacao/cotas-avancam-nas-vagas-para-enem-em-universidades-publicas/;2026-01-31;2026-10-03;D;A (Lula 3);D2
IMP2-033;Sancionada lei que restringe uso de celular em escolas de todo o país;Agência Senado (imprensa);https://www12.senado.leg.br/noticias/materias/2025/01/14/sancionada-lei-que-restringe-uso-de-celular-em-escolas-de-todo-o-pais;2025-01-14;2026-10-03;D;A (Lula 3);D2
IMP2-034;Novo Plano Nacional de Educação é sancionado e entra em vigor;Agência Senado (imprensa);https://www12.senado.leg.br/noticias/materias/2026/04/15/novo-plano-nacional-de-educacao-e-sancionado-e-entra-em-vigor;2026-04-15;2026-10-03;D;A (Lula 3);D2
IMP2-035;Educação: Senado aprovou novo PNE, piso do professor e expansão do ensino federal;Agência Senado (imprensa);https://www12.senado.leg.br/noticias/materias/2026/07/16/educacao-senado-aprovou-novo-pne-piso-do-professor-e-expansao-do-ensino-federal;2026-07-16;2026-10-03;D;A (Lula 3);D2
IMP2-036;Lei reestrutura carreiras do serviço público federal;Agência Senado (imprensa);https://www12.senado.leg.br/noticias/materias/2026/03/31/lei-reestrutura-carreiras-do-servico-publico-federal;2026-03-31;2026-10-03;D;A (Lula 3);D2
IMP2-037;Senado aprova reestruturação de carreiras federais com 13 mil novos professores;Agência Senado (imprensa);https://www12.senado.leg.br/noticias/materias/2026/03/10/senado-aprova-reestruturacao-de-carreiras-federais-com-13-mil-novos-professores;2026-03-10;2026-10-03;D;A (Lula 3);D2
IMP2-038;Universidade Federal Indígena é criada com sede em Brasília;Agência Senado (imprensa);https://www12.senado.leg.br/noticias/materias/2026/05/29/universidade-federal-indigena-e-criada-com-sede-em-brasilia;2026-05-29;2026-10-03;D;A (Lula 3);D2
IMP2-039;Lula sanciona criação de Universidade Federal Indígena;Poder360 (imprensa);https://www.poder360.com.br/poder-governo/lula-sanciona-criacao-de-universidade-federal-indigena/;2026-05-28;2026-10-03;D;A (Lula 3);D2
IMP2-040;Brasil ganha primeira universidade federal dedicada ao esporte;Agência Senado (imprensa);https://www12.senado.leg.br/noticias/materias/2026/07/03/brasil-ganha-primeira-universidade-federal-dedicada-ao-esporte;2026-07-03;2026-10-03;D;A (Lula 3);D2
IMP2-041;Vetada criação de universidade federal no norte do Amapá;Agência Senado (imprensa);https://www12.senado.leg.br/noticias/materias/2026/07/31/vetada-criacao-de-universidade-federal-no-norte-do-amapa;2026-07-31;2026-10-03;D;A (Lula 3);D2
IMP2-042;Lei cria a Universidade Federal da Fronteira do Norte;Agência Senado (imprensa);https://www12.senado.leg.br/noticias/materias/2026/09/25/lei-cria-a-universidade-federal-da-fronteira-do-norte;2026-09-25;2026-10-03;D;A (Lula 3);D2
IMP2-043;Lula assina portaria que autoriza 19 institutos federais em 12 Estados;Poder360 (imprensa);https://www.poder360.com.br/poder-educacao/lula-assina-portaria-que-autoriza-19-institutos-federais-em-12-estados/;2026-09-26;2026-10-03;D;A (Lula 3);D2|D3
IMP2-044;Dia Nacional da Alfabetização: senadores lamentam situação da educação durante a pandemia;Agência Senado (imprensa);https://www12.senado.leg.br/noticias/materias/2020/11/13/dia-nacional-da-alfabetizacao-senadores-lamentam-situacao-da-educacao-durante-a-pandemia;2020-11-13;2026-10-03;D;B (Bolsonaro);D3
IMP2-045;MEC lança programa para aprimorar alfabetização;Agência Brasil (EBC) (imprensa);https://agenciabrasil.ebc.com.br/educacao/noticia/2020-02/mec-lanca-programa-para-aprimorar-alfabetizacao;2020-02-18;2026-10-03;D;B (Bolsonaro);D3
IMP2-046;Tempo de Aprender: termina hoje prazo para apresentar Plano de Gestão;Agência Brasil (EBC) (imprensa);https://agenciabrasil.ebc.com.br/educacao/noticia/2021-09/tempo-de-aprender-termina-hoje-prazo-para-apresentar-plano-de-gestao;2021-09-30;2026-10-03;D;B (Bolsonaro);D3
IMP2-047;Sancionada política de expansão da internet de alta velocidade em escolas;Agência Senado (imprensa);https://www12.senado.leg.br/noticias/materias/2021/07/02/sancionada-politica-de-expansao-da-internet-de-alta-velocidade-em-escolas;2021-07-02;2026-10-03;D;B (Bolsonaro);D3
IMP2-048;Derrubado veto a recursos para internet nas escolas;Agência Senado (imprensa);https://www12.senado.leg.br/noticias/materias/2021/09/27/derrubado-veto-a-recursos-para-internet-nas-escolas;2021-09-27;2026-10-03;D;B (Bolsonaro);D3
IMP2-049;Senadores comemoram adiamento do Enem;Agência Senado (imprensa);https://www12.senado.leg.br/noticias/materias/2020/05/20/senadores-comemoram-adiamento-do-enem;2020-05-20;2026-10-03;D;B (Bolsonaro);D3
IMP2-050;Enem será adiado por até 60 dias, anuncia Inep;Poder360 (imprensa);https://www.poder360.com.br/brasil/inep-anuncia-adiamento-do-enem-por-ate-60-dias/;2020-05-20;2026-10-03;D;B (Bolsonaro);D3
IMP2-051;Bancada do PT no Congresso pede novo adiamento do Enem;Agência Senado (imprensa);https://www12.senado.leg.br/noticias/materias/2021/01/11/bancada-do-pt-no-congresso-pede-novo-adiamento-do-enem;2021-01-11;2026-10-03;D;B (Bolsonaro);D3
IMP2-052;Chega ao Senado MP que flexibiliza dias letivos obrigatórios na educação;Agência Senado (imprensa);https://www12.senado.leg.br/noticias/materias/2020/07/08/chega-ao-senado-mp-que-flexibiliza-dias-letivos-obrigatorios-na-educacao;2020-07-08;2026-10-03;D;B (Bolsonaro);D2|D3
IMP2-053;MEC sinaliza que pode suspender Enem em 2021 por falta de recursos;Poder360 (imprensa);https://www.poder360.com.br/governo/mec-sinaliza-que-pode-suspender-enem-em-2021-por-falta-de-recursos/;2020-06-05;2026-10-03;D;B (Bolsonaro);D3
IMP2-054;Weintraub diz que erro na correção do Enem afetou 6.000 candidatos;Poder360 (imprensa);https://www.poder360.com.br/governo/weintraub-diz-que-erro-na-correcao-do-enem-afetou-6-000-candidatos/;2020-01-20;2026-10-03;D;B (Bolsonaro);D3
IMP2-055;MP concede abatimento de até 92% em dívidas do Fies;Agência Senado (imprensa);https://www12.senado.leg.br/noticias/materias/2022/01/03/mp-concede-abatimento-de-ate-92-em-dividas-do-fies;2022-01-03;2026-10-03;D;B (Bolsonaro);D3
IMP2-056;Com veto, Bolsonaro sanciona lei que reduz em até 99% dívidas do Fies;Agência Senado (imprensa);https://www12.senado.leg.br/noticias/materias/2022/06/22/com-veto-bolsonaro-sanciona-lei-que-reduz-em-ate-99-dividas-do-fies;2022-06-22;2026-10-03;D;B (Bolsonaro);D3
IMP2-057;Sancionada poupança para estudante de baixa renda matriculado no ensino médio;Agência Senado (imprensa);https://www12.senado.leg.br/noticias/materias/2024/01/17/sancionada-poupanca-para-estudante-de-baixa-renda-matriculado-no-ensino-medio;2024-01-17;2026-10-03;D;A (Lula 3);D3
IMP2-058;Após Pé-de-Meia, abandono do Ensino Médio chega a menor nível desde 2007;CNN Brasil (imprensa);https://www.cnnbrasil.com.br/educacao/apos-pe-de-meia-abandono-do-ensino-medio-chega-a-menor-nivel-desde-2007/;2026-06-29;2026-10-03;D;A (Lula 3);D3
IMP2-059;Pé-de-Meia: nascidos em novembro e dezembro recebem parcela de R$ 200;Poder360 (imprensa);https://www.poder360.com.br/poder-educacao/pe-de-meia-nascidos-em-novembro-e-dezembro-recebem-parcela-de-r-200/;2026-08-31;2026-10-03;D;A (Lula 3);D3
IMP2-060;Ministros do TCU questionam 'desorçamentação' em Pé-de-Meia e Desenrola;Poder360 (imprensa);https://www.poder360.com.br/poder-economia/ministros-do-tcu-questionam-desorcamentacao-em-pe-de-meia-e-desenrola/;2026-08-25;2026-10-03;D;A (Lula 3);D3
IMP2-061;TCU manda MEC suspender pagamentos do Pé-de-Meia a CPFs de pessoas mortas;CNN Brasil (imprensa);https://www.cnnbrasil.com.br/politica/tcu-manda-mec-suspender-pagamentos-do-pe-de-meia-a-cpfs-de-pessoas-mortas/;2026-03-20;2026-10-03;D;A (Lula 3);D3
IMP2-062;MEC estuda remanejar recursos para ensino integral após queda de matrículas;CNN Brasil (imprensa);https://www.cnnbrasil.com.br/educacao/mec-estuda-remanejar-recursos-para-ensino-integral-apos-queda-de-matriculas/;2026-02-26;2026-10-03;D;A (Lula 3);D3
IMP2-063;Programa Escola em Tempo Integral é sancionado com vetos;Agência Senado (imprensa);https://www12.senado.leg.br/noticias/materias/2023/08/01/programa-escola-em-tempo-integral-e-sancionado-com-vetos;2023-08-01;2026-10-03;D;A (Lula 3);D3
IMP2-064;Camilo Santana faz balanço das ações do governo federal na educação;Agência Senado (imprensa);https://www12.senado.leg.br/noticias/materias/2026/04/28/camilo-santana-faz-balanco-das-acoes-do-governo-federal-na-educacao;2026-04-28;2026-10-03;D;A (Lula 3);D3
IMP2-065;Lula anuncia R$ 2 bi para alfabetização de crianças em 4 anos;Poder360 (imprensa);https://www.poder360.com.br/educacao/lula-anuncia-r-2-bi-para-alfabetizacao-de-criancas-em-4-anos/;2023-06-12;2026-10-03;D;A (Lula 3);D3
IMP2-066;Brasil atinge meta com 66% das crianças alfabetizadas em idade certa;CNN Brasil (imprensa);https://www.cnnbrasil.com.br/educacao/brasil-atinge-meta-com-66-das-criancas-alfabetizadas-em-idade-certa/;2026-03-23;2026-10-03;D;A (Lula 3);D3
IMP2-067;Brasil supera meta de alfabetização de crianças em 2025;Poder360 (imprensa);https://www.poder360.com.br/poder-educacao/brasil-supera-meta-de-alfabetizacao-de-criancas-em-2025/;2026-03-23;2026-10-03;D;A (Lula 3);D3
IMP2-068;Lei retoma obras paralisadas na saúde e educação;Agência Senado (imprensa);https://www12.senado.leg.br/noticias/materias/2023/11/06/lei-retoma-obras-paralisadas-na-saude-e-educacao;2023-11-06;2026-10-03;D;A (Lula 3);D3
IMP2-069;Senado aprova projeto para retomada das obras de educação;Poder360 (imprensa);https://www.poder360.com.br/congresso/senado-aprova-projeto-para-retomada-das-obras-de-educacao/;2023-10-10;2026-10-03;D;A (Lula 3);D3
IMP2-070;Senado aprova retomada de obras em escolas e renegociação de dívidas do Fies;Agência Senado (imprensa);https://www12.senado.leg.br/noticias/videos/2023/10/senado-aprova-retomada-de-obras-em-escolas-e-renegociacao-de-dividas-do-fies;2023-10-11;2026-10-03;D;A (Lula 3);D3
IMP3-001;Brasil avança no Ideb, mas apenas ensino fundamental cumpre meta;Agência Brasil (EBC) – Mariana Tokarnia;https://agenciabrasil.ebc.com.br/educacao/noticia/2020-09/brasil-avanca-no-ideb-mas-apenas-ensino-fundamental-cumpre-meta;2020-09-15;2026-10-03;D;B (Bolsonaro);D6
IMP3-002;Ensino médio tem maior salto de qualidade desde 2005;Agência Brasil (EBC) – Mariana Tokarnia;https://agenciabrasil.ebc.com.br/educacao/noticia/2020-09/ensino-medio-tem-maior-salto-de-qualidade-desde-2005;2020-09-15;2026-10-03;D;B (Bolsonaro);D6
IMP3-003;Educação inicial tem melhora, mas anos finais não alcançam meta do MEC;Poder360;https://www.poder360.com.br/brasil/educacao-inicial-tem-melhora-mas-anos-finais-nao-alcancam-meta-do-mec/;2024-08-14;2026-10-03;D;ambos;D6
IMP3-004;Ideb cresce e mostra aumento da qualidade da educação básica;Agência Brasil (EBC) – Pedro Peduzzi;https://agenciabrasil.ebc.com.br/educacao/noticia/2024-08/ideb-cresce-e-mostra-aumento-da-qualidade-da-educacao-basica;2024-08-14;2026-10-03;D;ambos;D6
IMP3-005;Ideb: escolas do Brasil encerram 2025 sem atingir metas previstas para 2021;Gazeta do Povo – Marlice Pinto Vilela;https://www.gazetadopovo.com.br/educacao/ideb-escolas-encerram-2025-sem-atingir-metas-previstas-2021/;2026-08-05;2026-10-03;D;A (Lula 3);D6
IMP3-006;Ideb melhora, mas avanço é puxado pela alta aprovação nas escolas;Gazeta do Povo – Leonardo Desideri;https://www.gazetadopovo.com.br/educacao/ideb-melhora-mas-avanco-e-puxado-pela-alta-aprovacao-nas-escolas/;2026-08-06;2026-10-03;D;ambos;D6
IMP3-007;Ideb registra melhora no ensino fundamental e médio em 2025;Poder360 – Isadora Vila Nova;https://www.poder360.com.br/poder-educacao/ideb-registra-melhora-no-ensino-fundamental-e-medio-em-2025/;2026-08-05;2026-10-03;D;A (Lula 3);D6
IMP3-008;Ideb mostra avanço da educação básica no país;Agência Brasil (EBC) – Daniella Almeida;https://agenciabrasil.ebc.com.br/educacao/noticia/2026-08/ideb-mostra-avanco-da-educacao-basica-no-pais;2026-08-05;2026-10-03;D;A (Lula 3);D6
IMP3-009;Nota em matemática no ensino médio ainda não voltou ao pré-pandemia;Poder360 – Isadora Vila Nova;https://www.poder360.com.br/poder-educacao/nota-em-matematica-no-ensino-medio-ainda-nao-voltou-ao-pre-pandemia/;2026-08-05;2026-10-03;D;ambos;D6
IMP3-010;Brasil está entre os 17 países com pior nota em matemática da OCDE;Poder360;https://www.poder360.com.br/educacao/brasil-esta-entre-os-17-paises-com-pior-nota-em-matematica-da-ocde/;2023-12-05;2026-10-03;D;B (Bolsonaro);D6
IMP3-011;"Resultado do Pisa reflete ""esforço coletivo"" na pandemia, diz Camilo";Poder360 – Gabriel Bandeira;https://www.poder360.com.br/educacao/resultado-do-pisa-reflete-esforco-coletivo-na-pandemia-diz-camilo/;2023-12-05;2026-10-03;D;A (Lula 3);D6
IMP3-012;Pisa 2025: Brasil está abaixo de média mundial em aprendizado;CNN Brasil – Nathalie Ayres;https://www.cnnbrasil.com.br/educacao/pisa-2025-brasil-esta-abaixo-de-media-mundial-em-aprendizado/;2026-09-08;2026-10-03;D;ambos;D6
IMP3-013;Educação no Brasil avança, mas segue distante da média da OCDE;Poder360 – Isadora Vila Nova;https://www.poder360.com.br/poder-educacao/educacao-no-brasil-avanca-mas-segue-distante-da-media-da-ocde/;2026-09-08;2026-10-03;D;A (Lula 3);D6
IMP3-014;Brasil supera meta de alfabetização de crianças em 2025;Poder360 – Julia Amoêdo e Lara Brito;https://www.poder360.com.br/poder-educacao/brasil-supera-meta-de-alfabetizacao-de-criancas-em-2025/;2026-03-23;2026-10-03;D;A (Lula 3);D6
IMP3-015;Inep divulga microdados do Indicador Criança Alfabetizada;CNN Brasil – Heloísa Noronha (colaboração);https://www.cnnbrasil.com.br/educacao/inep-divulga-microdados-do-indicador-crianca-alfabetizada/;2025-08-13;2026-10-03;D;A (Lula 3);D6
IMP3-016;Brasil atinge meta com 66% das crianças alfabetizadas em idade certa;CNN Brasil (texto de Luiz Cláudio Ferreira, da Agência Brasil);https://www.cnnbrasil.com.br/educacao/brasil-atinge-meta-com-66-das-criancas-alfabetizadas-em-idade-certa/;2026-03-23;2026-10-03;D;A (Lula 3);D6
IMP3-017;Taxa de alfabetização era de 49,3% no Brasil em 2023, diz Inep;Agência Brasil (EBC) – Daniella Almeida;https://agenciabrasil.ebc.com.br/educacao/noticia/2025-04/taxa-de-alfabetizacao-era-de-493-no-brasil-em-2023-diz-inep;2025-04-04;2026-10-03;D;ambos;D6
IMP3-018;Compromisso nacional pela alfabetização na idade certa agora é lei;Agência Senado;https://www12.senado.leg.br/noticias/materias/2025/11/04/compromisso-nacional-pela-alfabetizacao-na-idade-certa-agora-e-lei;2025-11-04;2026-10-03;D;A (Lula 3);D6
IMP3-019;Recuperação dos prejuízos na educação por conta da pandemia será lenta, conclui debate;Agência Senado;https://www12.senado.leg.br/noticias/materias/2021/12/06/recuperacao-dos-prejuizos-na-educacao-por-conta-da-pandemia-sera-lenta-conclui-debate;2021-12-06;2026-10-03;D;B (Bolsonaro);D6
IMP3-020;Um em cada 5 alunos estuda em tempo integral, diz censo escolar;Poder360 – Gabriel Bandeira;https://www.poder360.com.br/educacao/um-em-cada-5-alunos-estuda-em-tempo-integral-diz-censo-escolar/;2024-02-22;2026-10-03;D;ambos;D6
IMP3-021;Dados do Censo Escolar sobre ensino integral podem subsidiar novo PNE;Agência Senado (Rádio Senado) – Henrique Nascimento;https://www12.senado.leg.br/noticias/audios/2025/04/dados-do-censo-escolar-sobre-ensino-integral-podem-subsidiar-novo-pne;2025-04-10;2026-10-03;D;A (Lula 3);D6
IMP3-022;Debate na CE aponta avanço de tempo integral e desafios para garantir qualidade;Agência Senado;https://www12.senado.leg.br/noticias/materias/2026/08/18/debate-na-ce-aponta-avanco-de-tempo-integral-e-desafios-para-garantir-qualidade;2026-08-18;2026-10-03;D;A (Lula 3);D6
IMP3-023;Brasil tem queda de 1 milhão de alunos na educação básica, diz Censo;Poder360;https://www.poder360.com.br/poder-educacao/brasil-tem-queda-de-1-milhao-de-alunos-na-educacao-basica-diz-censo/;2026-02-26;2026-10-03;D;A (Lula 3);D6
IMP3-024;Censo Escolar 2020 aponta redução de matrículas no ensino básico;Agência Brasil (EBC) – Heloisa Cristaldo;https://agenciabrasil.ebc.com.br/educacao/noticia/2021-01/censo-escolar-2020-aponta-reducao-de-matriculas-no-ensino-basico;2021-01-29;2026-10-03;D;B (Bolsonaro);D6
IMP3-025;Censo mostra que ensino a distância ganha espaço no ensino superior;Agência Brasil (EBC) – Mariana Tokarnia;https://agenciabrasil.ebc.com.br/educacao/noticia/2020-10/censo-mostra-que-ensino-distancia-ganha-espaco-no-ensino-superior;2020-10-23;2026-10-03;D;B (Bolsonaro);D6
IMP3-026;Cada vez mais alunos optam pelo ensino a distância no ensino superior;Agência Senado (Rádio Senado) – Iara Farias Borges;https://www12.senado.leg.br/noticias/audios/2020/10/cada-vez-mais-alunos-optam-pelo-ensino-a-distancia-no-ensino-superior;2020-10-26;2026-10-03;D;B (Bolsonaro);D6
IMP3-027;PNE: especialistas debatem evasão, IA e autonomia financeira para universidades públicas;Agência Senado;https://www12.senado.leg.br/noticias/materias/2024/09/09/pne-especialistas-debatem-evasao-ia-e-autonomia-financeira-para-universidades-publicas;2024-09-09;2026-10-03;D;B (Bolsonaro);D6
IMP3-028;Brasil tem maior número de aluno por professor em faculdades privadas;Poder360;https://www.poder360.com.br/poder-educacao/brasil-tem-maior-numero-de-aluno-por-professor-em-faculdades-privadas/;2025-09-14;2026-10-03;D;A (Lula 3);D6
IMP3-029;Ensino à distância supera o presencial pela 1ª vez na graduação;Poder360;https://www.poder360.com.br/poder-educacao/ensino-a-distancia-supera-o-presencial-pela-1a-vez-na-graduacao/;2025-09-23;2026-10-03;D;A (Lula 3);D6
IMP3-030;Censo: conclusão da graduação nas federais é maior entre cotistas;Poder360;https://www.poder360.com.br/poder-educacao/censo-conclusao-da-graduacao-nas-federais-e-maior-entre-cotistas/;2026-04-19;2026-10-03;D;ambos;D6
IMP3-031;"Senado aprova projeto que fortalece fundo científico e tecnológico; texto vai à Câmara";Agência Senado;https://www12.senado.leg.br/noticias/materias/2020/08/13/senado-aprova-projeto-que-fortalece-fundo-cientifico-e-tecnologico-texto-vai-a-camara;2020-08-13;2026-10-03;D;Flavio;QP6
IMP3-032;Parlamentares defendem mobilização por projeto que fortalece fundo científico;Agência Senado;https://www12.senado.leg.br/noticias/materias/2020/08/17/parlamentares-defendem-mobilizacao-por-projeto-que-fortalece-fundo-cientifico;2020-08-17;2026-10-03;D;Flavio;QP6
IMP3-033;Derrubados vetos relacionados a fundos de energia, telecomunicações e inovação tecnológica;Agência Senado;https://www12.senado.leg.br/noticias/materias/2021/03/17/derrubados-vetos-relacionados-a-fundos-de-energia-telecomunicacoes-e-inovacao-tecnologica;2021-03-17;2026-10-03;D;B (Bolsonaro);QP6
IMP3-034;Senado aprova atualização da Lei de Cotas;Agência Senado;https://www12.senado.leg.br/noticias/materias/2023/10/24/senado-aprova-atualizacao-da-lei-de-cotas;2023-10-24;2026-10-03;D;Flavio;QP6
IMP3-035;Projeto que reformula Lei de Cotas vai a Plenário;Agência Senado;https://www12.senado.leg.br/noticias/materias/2023/10/18/projeto-que-reformula-lei-de-cotas-vai-a-plenario;2023-10-18;2026-10-03;D;Flavio;QP6
IMP3-036;Senado torna definitiva política de cotas no ensino superior;Poder360;https://www.poder360.com.br/congresso/senado-torna-definitiva-politica-de-cotas-no-ensino-superior/;2023-10-24;2026-10-03;D;Flavio;QP6
IMP3-037;Símbolos nacionais representam a identidade de uma nação, diz consultor;Agência Senado;https://www12.senado.leg.br/noticias/materias/2020/09/17/simbolos-nacionais-representam-a-identidade-de-uma-nacao-diz-consultor;2020-09-17;2026-10-03;D;Flavio;QP6
IMP3-038;Comissão de Educação começa o ano com 59 projetos prontos para votação;Agência Senado;https://www12.senado.leg.br/noticias/materias/2022/01/24/comissao-de-educacao-comeca-o-ano-com-59-projetos-prontos-para-votacao;2022-01-24;2026-10-03;D;Flavio;QP6
IMP3-039;Aumento de pena para crime cometido em escola avança;Agência Senado;https://www12.senado.leg.br/noticias/materias/2024/11/26/aumento-de-pena-para-crime-cometido-em-escola-avanca;2024-11-26;2026-10-03;D;Flavio;QP6
IMP3-040;CSP aprova obrigação de alarme conectado com a polícia nas escolas;Agência Senado;https://www12.senado.leg.br/noticias/materias/2024/12/10/csp-aprova-obrigacao-de-alarme-conectado-com-a-policia-nas-escolas;2024-12-10;2026-10-03;D;Flavio;QP6
IMP3-041;Avança criação de exigências para contratação de funcionários de escolas;Agência Senado;https://www12.senado.leg.br/noticias/materias/2025/06/10/avanca-criacao-de-exigencias-para-contratacao-de-funcionarios-de-escolas;2025-06-10;2026-10-03;D;Flavio;QP6
IMP3-042;Lula diz que Brasil não precisa de escola cívico-militar;Poder360 – Lara Brito e Julia Amoêdo;https://www.poder360.com.br/poder-governo/lula-diz-que-brasil-nao-precisa-de-escola-civico-militar/;2026-04-14;2026-10-03;D;A (Lula 3);QP6
IMP3-043;Eleições 2026: compare os planos de governo de Lula e Flávio;Poder360;https://www.poder360.com.br/poder-eleicoes-2026/eleicoes-2026-compare-os-planos-de-governo-de-lula-e-flavio/;2026-08-21;2026-10-03;D;Flavio;QP6
NOR-001;Decreto nº 9.765, de 11 de abril de 2019 – Institui a Política Nacional de Alfabetização;Presidência da República – Secretaria-Geral – Subchefia para Assuntos Jurídicos;https://www.planalto.gov.br/ccivil_03/_ato2019-2022/2019/decreto/D9765.htm;2019-04-11;2026-10-02;A;B (Bolsonaro);D2
NOR-002;Decreto nº 11.556, de 12 de junho de 2023 – Institui o Compromisso Nacional Criança Alfabetizada;Presidência da República – Casa Civil – Secretaria Especial para Assuntos Jurídicos;https://www.planalto.gov.br/ccivil_03/_ato2023-2026/2023/decreto/D11556.htm;2023-06-13;2026-10-02;A;A (Lula 3);D2
NOR-003;Decreto nº 10.004, de 5 de setembro de 2019 – Institui o Programa Nacional das Escolas Cívico-Militares;Presidência da República – Secretaria-Geral – Subchefia para Assuntos Jurídicos;https://www.planalto.gov.br/ccivil_03/_ato2019-2022/2019/decreto/D10004.htm;2019-09-06;2026-10-02;A;B (Bolsonaro);D2
NOR-004;Decreto nº 11.611, de 19 de julho de 2023 – Revoga o Decreto nº 10.004/2019 (Pecim);Presidência da República – Casa Civil – Secretaria Especial para Assuntos Jurídicos;https://www.planalto.gov.br/ccivil_03/_ato2023-2026/2023/decreto/D11611.htm;2023-07-21;2026-10-02;A;A (Lula 3);D2
NOR-005;Decreto nº 10.502, de 30 de setembro de 2020 – Política Nacional de Educação Especial: Equitativa, Inclusiva e com Aprendizado ao Longo da Vida;Presidência da República – Secretaria-Geral – Subchefia para Assuntos Jurídicos;https://www.planalto.gov.br/ccivil_03/_ato2019-2022/2020/decreto/D10502.htm;2020-10-01;2026-10-02;A;B (Bolsonaro);D2
NOR-006;Decreto nº 11.370, de 1º de janeiro de 2023 – Revoga o Decreto nº 10.502/2020;Presidência da República – Secretaria-Geral – Subchefia para Assuntos Jurídicos;https://www.planalto.gov.br/ccivil_03/_ato2023-2026/2023/decreto/D11370.htm;2023-01-02;2026-10-02;A;A (Lula 3);D2
NOR-007;Medida Provisória nº 914, de 24 de dezembro de 2019 – Processo de escolha dos dirigentes das universidades federais, IFs e Colégio Pedro II (texto + tramitação);"Presidência da República (texto); Senado Federal – Dados Abertos (tramitação)";https://www.planalto.gov.br/ccivil_03/_ato2019-2022/2019/mpv/mpv914.htm | https://legis.senado.leg.br/dadosabertos/materia/MPV/914/2019;2019-12-24;2026-10-02;A;B (Bolsonaro);D2
NOR-008;Medida Provisória nº 979, de 9 de junho de 2020 (dirigentes pro tempore na pandemia) e Medida Provisória nº 981, de 12 de junho de 2020 (revoga a MP 979) – textos e tramitação;"Presidência da República (textos); Senado Federal – Dados Abertos (tramitação)";https://www.planalto.gov.br/ccivil_03/_ato2019-2022/2020/mpv/mpv979.htm | https://www.planalto.gov.br/ccivil_03/_ato2019-2022/2020/mpv/mpv981.htm | https://legis.senado.leg.br/dadosabertos/materia/MPV/979/2020;2020-06-10;2026-10-02;A;B (Bolsonaro);D2
NOR-009;Decreto nº 9.725, de 12 de março de 2019 – Extingue cargos em comissão e funções de confiança e limita gratificações;Presidência da República – Secretaria-Geral – Subchefia para Assuntos Jurídicos;https://www.planalto.gov.br/ccivil_03/_ato2019-2022/2019/decreto/D9725.htm;2019-03-13;2026-10-02;A;B (Bolsonaro);D2
NOR-010;"Lei nº 15.367, de 30 de março de 2026 (PL 5.874/2025, Poder Executivo) – efeitos sobre a escolha de reitores (Lei 5.540/1968 art. 16 revogado; Lei 11.892/2008 art. 12 nova redação)";"Presidência da República (Planalto); Senado Federal (norma); LexML; Câmara dos Deputados – Dados Abertos";"https://www.planalto.gov.br/ccivil_03/_ato2023-2026/2026/lei/L15367.htm | https://www.planalto.gov.br/ccivil_03/leis/l5540.htm | https://www.planalto.gov.br/ccivil_03/_ato2007-2010/2008/lei/l11892.htm | https://www.lexml.gov.br/urn/urn:lex:br:federal:lei:2026-03-30;15367 | http://legis.senado.leg.br/norma/42966204/publicacao/42972730 | https://dadosabertos.camara.leg.br/api/v2/proposicoes/2585316/tramitacoes | https://dadosabertos.camara.leg.br/api/v2/proposicoes/2585316/autores | https://dadosabertos.camara.leg.br/api/v2/proposicoes/2592447";2026-03-31;2026-10-02;A;A (Lula 3);D2
NOR-011;Inventário de Medidas Provisórias sobre educação/C&T – 2019 a 2022 (Senado Federal, Dados Abertos) e destino de cada MP;Senado Federal – Dados Abertos Legislativos;https://legis.senado.leg.br/dadosabertos/materia/pesquisa/lista?sigla=MPV&ano=2019 | https://legis.senado.leg.br/dadosabertos/materia/pesquisa/lista?sigla=MPV&ano=2020 | https://legis.senado.leg.br/dadosabertos/materia/pesquisa/lista?sigla=MPV&ano=2021 | https://legis.senado.leg.br/dadosabertos/materia/pesquisa/lista?sigla=MPV&ano=2022 | https://legis.senado.leg.br/dadosabertos/materia/MPV/934/2020 | https://legis.senado.leg.br/dadosabertos/materia/MPV/1060/2021 | https://legis.senado.leg.br/dadosabertos/materia/MPV/1075/2021 | https://legis.senado.leg.br/dadosabertos/materia/MPV/1090/2021 | https://legis.senado.leg.br/dadosabertos/materia/MPV/1136/2022 | https://legis.senado.leg.br/dadosabertos/materia/MPV/1140/2022;desconhecida;2026-10-02;A;B (Bolsonaro);D2
NOR-012;Inventário de Medidas Provisórias sobre educação/C&T – 2023 a 2026 (Senado Federal, Dados Abertos) e destino de cada MP;Senado Federal – Dados Abertos Legislativos;https://legis.senado.leg.br/dadosabertos/materia/pesquisa/lista?sigla=MPV&ano=2023 | https://legis.senado.leg.br/dadosabertos/materia/pesquisa/lista?sigla=MPV&ano=2024 | https://legis.senado.leg.br/dadosabertos/materia/pesquisa/lista?sigla=MPV&ano=2025 | https://legis.senado.leg.br/dadosabertos/materia/pesquisa/lista?sigla=MPV&ano=2026 | https://legis.senado.leg.br/dadosabertos/materia/MPV/1174/2023 | https://legis.senado.leg.br/dadosabertos/materia/MPV/1198/2023 | https://legis.senado.leg.br/dadosabertos/materia/MPV/1334/2026;desconhecida;2026-10-02;A;A (Lula 3);D2
NOR-013;Inventário de vetos presidenciais em matérias de educação/C&T – 2019 a 2022 (Senado Federal, Dados Abertos) e resultado da deliberação do Congresso;Senado Federal – Dados Abertos Legislativos (Congresso Nacional – vetos);https://legis.senado.leg.br/dadosabertos/materia/pesquisa/lista?sigla=VET&ano=2019 | https://legis.senado.leg.br/dadosabertos/materia/pesquisa/lista?sigla=VET&ano=2020 | https://legis.senado.leg.br/dadosabertos/materia/pesquisa/lista?sigla=VET&ano=2021 | https://legis.senado.leg.br/dadosabertos/materia/pesquisa/lista?sigla=VET&ano=2022 | https://legis.senado.leg.br/dadosabertos/materia/VET/37/2019 | https://legis.senado.leg.br/dadosabertos/materia/VET/54/2019 | https://legis.senado.leg.br/dadosabertos/materia/VET/28/2020 | https://legis.senado.leg.br/dadosabertos/materia/VET/39/2020 | https://legis.senado.leg.br/dadosabertos/materia/VET/2/2021 | https://legis.senado.leg.br/dadosabertos/materia/VET/10/2021 | https://legis.senado.leg.br/dadosabertos/materia/VET/34/2021 | https://legis.senado.leg.br/dadosabertos/materia/VET/59/2021 | https://legis.senado.leg.br/dadosabertos/materia/VET/69/2021 | https://legis.senado.leg.br/dadosabertos/materia/VET/13/2022 | https://legis.senado.leg.br/dadosabertos/materia/VET/33/2022 | https://legis.senado.leg.br/dadosabertos/materia/VET/34/2022;desconhecida;2026-10-02;A;B (Bolsonaro);D2
NOR-014;Inventário de vetos presidenciais em matérias de educação/C&T – 2023 a 2026 (Senado Federal, Dados Abertos) e resultado da deliberação do Congresso;Senado Federal – Dados Abertos Legislativos (Congresso Nacional – vetos);https://legis.senado.leg.br/dadosabertos/materia/pesquisa/lista?sigla=VET&ano=2023 | https://legis.senado.leg.br/dadosabertos/materia/pesquisa/lista?sigla=VET&ano=2024 | https://legis.senado.leg.br/dadosabertos/materia/pesquisa/lista?sigla=VET&ano=2025 | https://legis.senado.leg.br/dadosabertos/materia/pesquisa/lista?sigla=VET&ano=2026 | https://legis.senado.leg.br/dadosabertos/materia/VET/3/2023 | https://legis.senado.leg.br/dadosabertos/materia/VET/19/2023 | https://legis.senado.leg.br/dadosabertos/materia/VET/21/2023 | https://legis.senado.leg.br/dadosabertos/materia/VET/29/2023 | https://legis.senado.leg.br/dadosabertos/materia/VET/37/2023 | https://legis.senado.leg.br/dadosabertos/materia/VET/3/2024 | https://legis.senado.leg.br/dadosabertos/materia/VET/6/2024 | https://legis.senado.leg.br/dadosabertos/materia/VET/13/2024 | https://legis.senado.leg.br/dadosabertos/materia/VET/17/2024 | https://legis.senado.leg.br/dadosabertos/materia/VET/18/2024 | https://legis.senado.leg.br/dadosabertos/materia/VET/22/2024 | https://legis.senado.leg.br/dadosabertos/materia/VET/37/2025 | https://legis.senado.leg.br/dadosabertos/materia/VET/43/2025 | https://legis.senado.leg.br/dadosabertos/materia/VET/41/2026 | https://legis.senado.leg.br/dadosabertos/materia/VET/42/2026 | https://legis.senado.leg.br/dadosabertos/materia/VET/53/2026;desconhecida;2026-10-02;A;A (Lula 3);D2
NOR-015;Lei nº 13.935, de 11 de dezembro de 2019 – Serviços de psicologia e de serviço social nas redes públicas de educação básica;Presidência da República – Secretaria-Geral – Subchefia para Assuntos Jurídicos;https://www.planalto.gov.br/ccivil_03/_ato2019-2022/2019/lei/L13935.htm;2019-12-12;2026-10-02;A;B (Bolsonaro);D2
NOR-016;Lei nº 14.040, de 18 de agosto de 2020 – Normas educacionais excepcionais durante a calamidade pública (conversão da MP 934/2020);Presidência da República – Secretaria-Geral – Subchefia para Assuntos Jurídicos;https://www.planalto.gov.br/ccivil_03/_ato2019-2022/2020/lei/L14040.htm;2020-08-19;2026-10-02;A;B (Bolsonaro);D2
NOR-017;Emenda Constitucional nº 108, de 26 de agosto de 2020 (Novo Fundeb) e orientação do Governo na votação da PEC 15/2015 na Câmara;"Presidência da República (texto da EC); Câmara dos Deputados – Dados Abertos (votações e orientações)";https://www.planalto.gov.br/ccivil_03/constituicao/emendas/emc/emc108.htm | https://dadosabertos.camara.leg.br/api/v2/proposicoes/1198512/votacoes | https://dadosabertos.camara.leg.br/api/v2/votacoes/1198512-250/orientacoes;2020-08-27;2026-10-02;A;B (Bolsonaro);D2
NOR-018;Lei nº 14.113, de 25 de dezembro de 2020 (regulamenta o Fundeb) e Decreto nº 10.656, de 22 de março de 2021 (regulamenta a Lei 14.113);Presidência da República – Secretaria-Geral – Subchefia para Assuntos Jurídicos;https://www.planalto.gov.br/ccivil_03/_ato2019-2022/2020/lei/L14113.htm | https://www.planalto.gov.br/ccivil_03/_ato2019-2022/2021/decreto/D10656.htm;2020-12-25;2026-10-02;A;B (Bolsonaro);D2
NOR-019;Lei nº 14.172, de 10 de junho de 2021 (internet para alunos e professores – promulgada após derrubada de veto total) e Lei nº 14.351, de 25 de maio de 2022 (altera prazo da Lei 14.172);Presidência da República – Secretaria-Geral – Subchefia para Assuntos Jurídicos;https://www.planalto.gov.br/ccivil_03/_ato2019-2022/2021/lei/L14172.htm | https://www.planalto.gov.br/ccivil_03/_ato2019-2022/2022/lei/L14351.htm;2021-06-11;2026-10-02;A;B (Bolsonaro);D2
NOR-020;Lei nº 14.191, de 3 de agosto de 2021 – Modalidade de educação bilíngue de surdos (altera a LDB);Presidência da República – Secretaria-Geral – Subchefia para Assuntos Jurídicos;https://www.planalto.gov.br/ccivil_03/_ato2019-2022/2021/lei/L14191.htm;2021-08-04;2026-10-02;A;B (Bolsonaro);D2
NOR-021;Lei nº 14.350, de 25 de maio de 2022 – Aperfeiçoa o ProUni (conversão da MP 1.075/2021);Presidência da República – Secretaria-Geral – Subchefia para Assuntos Jurídicos;https://www.planalto.gov.br/ccivil_03/_ato2019-2022/2022/lei/L14350.htm;2022-05-26;2026-10-02;A;B (Bolsonaro);D2
NOR-022;Lei nº 14.533, de 11 de janeiro de 2023 – Política Nacional de Educação Digital;Presidência da República – Secretaria-Geral – Subchefia para Assuntos Jurídicos;https://www.planalto.gov.br/ccivil_03/_ato2023-2026/2023/lei/L14533.htm;2023-01-11;2026-10-02;A;A (Lula 3);D2
NOR-023;Lei nº 14.540, de 3 de abril de 2023 – Programa de Prevenção e Enfrentamento ao Assédio Sexual (conversão da MP 1.140/2022);Presidência da República – Secretaria-Geral – Subchefia para Assuntos Jurídicos;https://www.planalto.gov.br/ccivil_03/_ato2023-2026/2023/lei/L14540.htm;2023-04-04;2026-10-02;A;ambos;D2
NOR-024;Lei nº 14.640, de 31 de julho de 2023 – Programa Escola em Tempo Integral;Presidência da República – Casa Civil – Secretaria Especial para Assuntos Jurídicos;https://www.planalto.gov.br/ccivil_03/_ato2023-2026/2023/lei/L14640.htm;2023-08-01;2026-10-02;A;A (Lula 3);D2
NOR-025;Lei nº 14.723, de 13 de novembro de 2023 – Altera a Lei de Cotas (Lei 12.711/2012) e votação do PL 5.384/2020 na Câmara;"Presidência da República (texto); Câmara dos Deputados – Dados Abertos (votação)";https://www.planalto.gov.br/ccivil_03/_ato2023-2026/2023/lei/L14723.htm | https://dadosabertos.camara.leg.br/api/v2/proposicoes/2266069/votacoes | https://dadosabertos.camara.leg.br/api/v2/votacoes/2266069-109/orientacoes;2023-11-14;2026-10-02;A;A (Lula 3);D2
NOR-026;Lei nº 14.818, de 16 de janeiro de 2024 – Incentivo financeiro-educacional na modalidade de poupança (Pé-de-Meia);Presidência da República – Casa Civil – Secretaria Especial para Assuntos Jurídicos;https://www.planalto.gov.br/ccivil_03/_ato2023-2026/2024/lei/L14818.htm;2024-01-17;2026-10-02;A;A (Lula 3);D2
NOR-027;Lei nº 14.945, de 31 de julho de 2024 – Diretrizes para o ensino médio (PL 5.230/2023, Poder Executivo) e orientação do Governo na Câmara;"Presidência da República (texto); Câmara dos Deputados – Dados Abertos (autoria, votações, orientações)";https://www.planalto.gov.br/ccivil_03/_ato2023-2026/2024/lei/L14945.htm | https://dadosabertos.camara.leg.br/api/v2/proposicoes/2399598/autores | https://dadosabertos.camara.leg.br/api/v2/proposicoes/2399598/votacoes | https://dadosabertos.camara.leg.br/api/v2/votacoes/2399598-112/orientacoes;2024-08-01;2026-10-02;A;A (Lula 3);D2
NOR-028;Lei nº 14.934, de 25 de julho de 2024 – Prorroga até 31/12/2025 a vigência do PNE (Lei 13.005/2014);Presidência da República – Casa Civil – Secretaria Especial para Assuntos Jurídicos;https://www.planalto.gov.br/ccivil_03/_ato2023-2026/2024/lei/L14934.htm | https://www.planalto.gov.br/ccivil_03/_ato2011-2014/2014/lei/l13005.htm;2024-07-26;2026-10-02;A;A (Lula 3);D2
NOR-029;Lei nº 15.388, de 14 de abril de 2026 – Aprova o Plano Nacional de Educação (PL 2.614/2024, Poder Executivo);"Presidência da República (texto); Câmara dos Deputados – Dados Abertos (autoria e tramitação)";https://www.planalto.gov.br/ccivil_03/_ato2023-2026/2026/lei/L15388.htm | https://dadosabertos.camara.leg.br/api/v2/proposicoes/2443764 | https://dadosabertos.camara.leg.br/api/v2/proposicoes/2443764/autores | https://dadosabertos.camara.leg.br/api/v2/proposicoes/2443764/tramitacoes?dataInicio=2025-12-01;2026-04-15;2026-10-02;A;A (Lula 3);D2
NOR-030;Lei nº 15.100, de 13 de janeiro de 2025 – Uso de aparelhos eletrônicos portáteis pessoais por estudantes na educação básica;Presidência da República – Casa Civil – Secretaria Especial para Assuntos Jurídicos;https://www.planalto.gov.br/ccivil_03/_ato2023-2026/2025/lei/L15100.htm;2025-01-14;2026-10-02;A;A (Lula 3);D2
NOR-031;Lei nº 15.437, de 18 de junho de 2026 – Altera a Lei 11.738/2008 (piso salarial do magistério) – conversão da MP 1.334/2026;Presidência da República – Casa Civil – Secretaria Especial para Assuntos Jurídicos;https://www.planalto.gov.br/ccivil_03/_ato2023-2026/2026/lei/L15437.htm;2026-06-19;2026-10-02;A;A (Lula 3);D2
NOR-032;Lei Complementar nº 220, de 31 de outubro de 2025 – Institui o Sistema Nacional de Educação (SNE);Presidência da República – Casa Civil – Secretaria Especial para Assuntos Jurídicos;https://www.planalto.gov.br/ccivil_03/leis/lcp/Lcp220.htm;2025-11-03;2026-10-02;A;A (Lula 3);D2
NOR-033;Decreto nº 12.456, de 19 de maio de 2025 – Oferta de educação a distância em cursos de graduação (altera o Decreto 9.235/2017);Presidência da República – Casa Civil – Secretaria Especial para Assuntos Jurídicos;https://www.planalto.gov.br/ccivil_03/_ato2023-2026/2025/decreto/D12456.htm;2025-05-20;2026-10-02;A;A (Lula 3);D2
NOR-034;"Decreto nº 12.686, de 20 de outubro de 2025 – Política Nacional de Educação Especial Inclusiva e Rede Nacional de Educação Especial Inclusiva; Decreto nº 12.773, de 8 de dezembro de 2025 (altera)";Presidência da República – Casa Civil – Secretaria Especial para Assuntos Jurídicos;https://www.planalto.gov.br/ccivil_03/_ato2023-2026/2025/decreto/D12686.htm | https://www.planalto.gov.br/ccivil_03/_ato2023-2026/2025/decreto/D12773.htm;2025-10-21;2026-10-02;A;A (Lula 3);D2
NOR-035;"Projetos de lei do Poder Executivo não aprovados – PL 2.401/2019 (educação domiciliar) e PL 3.076/2020 (Future-se); PL 1.338/2022 no Senado";"Câmara dos Deputados – Dados Abertos; Senado Federal – Dados Abertos";https://dadosabertos.camara.leg.br/api/v2/proposicoes/2198615 | https://dadosabertos.camara.leg.br/api/v2/proposicoes/2198615/autores | https://dadosabertos.camara.leg.br/api/v2/proposicoes/2254321 | https://dadosabertos.camara.leg.br/api/v2/proposicoes/2254321/autores | https://legis.senado.leg.br/dadosabertos/materia/PL/1338/2022;desconhecida;2026-10-02;A;B (Bolsonaro);D2
NOR-036;Lei nº 15.518, de 22 de setembro de 2026 – Institui o Programa Institucional de Bolsa de Iniciação à Docência (Pibid);Presidência da República – Casa Civil – Secretaria Especial para Assuntos Jurídicos;https://www.planalto.gov.br/ccivil_03/_ato2023-2026/2026/lei/L15518.htm;2026-09-23;2026-10-02;A;A (Lula 3);D2
NOR2-001;Câmara dos Deputados – Dados Abertos: PLs de autoria do Poder Executivo com tema Educação (codTema=46), apresentados 2019–2026;Câmara dos Deputados;https://dadosabertos.camara.leg.br/api/v2/proposicoes?siglaTipo=PL&codTema=46&autor=Poder%20Executivo&ano=2019,2020,2021,2022,2023,2024,2025,2026&itens=100 | consultas por ano: https://dadosabertos.camara.leg.br/api/v2/proposicoes?siglaTipo=PL&ano=AAAA&codTema=46&autor=Poder%20Executivo&itens=100 (AAAA=2019..2026);desconhecida (consulta dinâmica);2026-10-02;A;ambos;D2
NOR2-002;Câmara dos Deputados – Dados Abertos: PLPs do Poder Executivo com tema Educação (2019–2026) e PLs/PLPs do Executivo com tema Ciência, Tecnologia e Inovação (codTema=62);Câmara dos Deputados;https://dadosabertos.camara.leg.br/api/v2/proposicoes?siglaTipo=PLP&codTema=46&autor=Poder%20Executivo&ano=2019,2020,2021,2022,2023,2024,2025,2026&itens=100 | https://dadosabertos.camara.leg.br/api/v2/proposicoes?siglaTipo=PL,PLP&codTema=62&autor=Poder%20Executivo&ano=2019,2020,2021,2022,2023,2024,2025,2026&itens=100 | https://dadosabertos.camara.leg.br/api/v2/proposicoes/2595808 | https://dadosabertos.camara.leg.br/api/v2/proposicoes/2345482;desconhecida (consulta dinâmica);2026-10-02;A;ambos;D2
NOR2-003;PL 11.279/2019 (MSC 799/2018) – criação de Institutos Federais e de duas universidades federais no Amazonas – retirado pelo Poder Executivo (MSC 84/2019);Câmara dos Deputados;https://dadosabertos.camara.leg.br/api/v2/proposicoes/2190325 | https://dadosabertos.camara.leg.br/api/v2/proposicoes/2190325/tramitacoes;2019-01-03;2026-10-02;A;B (Bolsonaro);D2
NOR2-004;PL 5.010/2020 (MSC 630/2020) convertido na Lei 14.296/2022 – Sistema de Ensino Naval;"Câmara dos Deputados; Presidência da República (Planalto)";https://dadosabertos.camara.leg.br/api/v2/proposicoes/2264626 | https://dadosabertos.camara.leg.br/api/v2/proposicoes/2264626/tramitacoes | https://www.planalto.gov.br/ccivil_03/_ato2019-2022/2022/lei/L14296.htm;2022-01-05;2026-10-02;A;B (Bolsonaro);D2
NOR2-005;"PLs do Poder Executivo (grupo B) sobre educação/C&T não aprovados: PL 5.011/2020, PL 226/2022, PL 3.102/2022; e planos regionais PL 6.162 e 6.163/2019";Câmara dos Deputados;https://dadosabertos.camara.leg.br/api/v2/proposicoes/2264628 | https://dadosabertos.camara.leg.br/api/v2/proposicoes/2314408 | https://dadosabertos.camara.leg.br/api/v2/proposicoes/2345482 | https://dadosabertos.camara.leg.br/api/v2/proposicoes/2230646 | https://dadosabertos.camara.leg.br/api/v2/proposicoes/2230650;várias;2026-10-02;A;B (Bolsonaro);D2
NOR2-006;PL 5.789/2023 (MSC 633/2023) – Plano Regional de Desenvolvimento do Nordeste 2024–2027 (tema Educação entre outros);Câmara dos Deputados;https://dadosabertos.camara.leg.br/api/v2/proposicoes/2408364;2023-11-29;2026-10-02;A;A (Lula 3);D2
NOR2-007;"PL 2.617/2023 (Poder Executivo) – Programa Escola em Tempo Integral – Lei 14.640/2023; veto parcial mantido";Câmara dos Deputados;https://dadosabertos.camara.leg.br/api/v2/proposicoes/2362716 | https://dadosabertos.camara.leg.br/api/v2/proposicoes/2362716/autores;2023-05-17;2026-10-02;A;A (Lula 3);D2
NOR2-008;PL 3.613/2023 (MSC 353/2023) – violência nas instituições de ensino – Lei 15.159/2025;"Câmara dos Deputados; Presidência da República (Planalto)";https://dadosabertos.camara.leg.br/api/v2/proposicoes/2374350 | https://dadosabertos.camara.leg.br/api/v2/proposicoes/2374350/tramitacoes | https://www.planalto.gov.br/ccivil_03/_ato2023-2026/2025/lei/L15159.htm;2025-07-04;2026-10-02;A;A (Lula 3);D2
NOR2-009;"PL 4.172/2023 (Poder Executivo; MSC 422/2023 de urgência) – Pacto Nacional pela Retomada de Obras – Lei 14.719/2023";Câmara dos Deputados;https://dadosabertos.camara.leg.br/api/v2/proposicoes/2383286 | https://dadosabertos.camara.leg.br/api/v2/proposicoes/2383286/tramitacoes;2023-11-03;2026-10-02;A;A (Lula 3);D2
NOR2-010;PL 964/2024 (Poder Executivo) – cargos técnico-administrativos da UFAPE – pendente;Câmara dos Deputados;https://dadosabertos.camara.leg.br/api/v2/proposicoes/2423455;2024-03-26;2026-10-02;A;A (Lula 3);D2
NOR2-011;PL 5.893/2025 e PL 1/2026 (Poder Executivo) – arquivados após aprovação do Substitutivo ao PL 5.874/2025 (conteúdo absorvido na Lei 15.367/2026);Câmara dos Deputados;https://dadosabertos.camara.leg.br/api/v2/proposicoes/2586418 | https://dadosabertos.camara.leg.br/api/v2/proposicoes/2599885;2025-11-18 / 2026-01-02;2026-10-02;A;A (Lula 3);D2
NOR2-012;PL 6.132/2025 (MSC 1798/2025) – Universidade Federal Indígena – Lei 15.418/2026;"Câmara dos Deputados; Presidência da República (Planalto)";https://dadosabertos.camara.leg.br/api/v2/proposicoes/2591970 | https://dadosabertos.camara.leg.br/api/v2/proposicoes/2591970/tramitacoes | https://www.planalto.gov.br/ccivil_03/_ato2023-2026/2026/lei/L15418.htm;2026-05-29;2026-10-02;A;A (Lula 3);D2
NOR2-013;PL 6.133/2025 (MSC 1797/2025) – Universidade Federal do Esporte – Lei 15.457/2026;"Câmara dos Deputados; Presidência da República (Planalto)";https://dadosabertos.camara.leg.br/api/v2/proposicoes/2591974 | https://dadosabertos.camara.leg.br/api/v2/proposicoes/2591974/tramitacoes | https://www.planalto.gov.br/ccivil_03/_ato2023-2026/2026/lei/L15457.htm;2026-07-03;2026-10-02;A;A (Lula 3);D2
NOR2-014;PL 4.951/2026 (Poder Executivo) – Universidade Federal da Fronteira Norte – Lei 15.520/2026;"Câmara dos Deputados; Presidência da República (Planalto)";https://dadosabertos.camara.leg.br/api/v2/proposicoes/2642328 | https://www.planalto.gov.br/ccivil_03/_ato2023-2026/2026/lei/L15520.htm;2026-09-25;2026-10-02;A;A (Lula 3);D2
NOR2-015;PL 4.952/2026 (Poder Executivo) – transforma CEFET-MG e CEFET-RJ em universidades federais – pendente no Senado;Câmara dos Deputados;https://dadosabertos.camara.leg.br/api/v2/proposicoes/2642329;2026-08-10;2026-10-02;A;A (Lula 3);D2
NOR2-016;PLP 265/2025 (Poder Executivo) – exclusão das despesas do Programa Nacional de Infraestrutura Escolar dos limites da LC 200/2023 – pendente;Câmara dos Deputados;https://dadosabertos.camara.leg.br/api/v2/proposicoes/2595808;2025-12-10;2026-10-02;A;A (Lula 3);D1
NOR2-017;"Lei nº 15.367, de 30 de março de 2026 – ementa integral, art. 1º e estrutura de capítulos; ausência de mensagem de veto; verificação de alterações em leis de reitores";Presidência da República (Planalto);https://www.planalto.gov.br/ccivil_03/_ato2023-2026/2026/lei/L15367.htm | https://www.planalto.gov.br/ccivil_03/leis/l5540.htm | https://www.planalto.gov.br/ccivil_03/leis/l9192.htm | https://www.planalto.gov.br/ccivil_03/leis/l9394.htm;2026-03-31;2026-10-02;A;A (Lula 3);D2
NOR2-018;PL 5.874/2025 na Câmara – tramitação, PL 6.170/2025 (ementa original), proposições relacionadas e votações de 03/02/2026 (Emenda de Plenário 23 sobre escolha de dirigentes das universidades);Câmara dos Deputados;https://dadosabertos.camara.leg.br/api/v2/proposicoes/2585316 | https://dadosabertos.camara.leg.br/api/v2/proposicoes/2585316/tramitacoes | https://dadosabertos.camara.leg.br/api/v2/proposicoes/2585316/relacionadas | https://dadosabertos.camara.leg.br/api/v2/proposicoes/2585316/votacoes | https://dadosabertos.camara.leg.br/api/v2/votacoes/2585316-39 | https://dadosabertos.camara.leg.br/api/v2/votacoes/2585316-45 | https://dadosabertos.camara.leg.br/api/v2/proposicoes/2600537 | https://dadosabertos.camara.leg.br/api/v2/proposicoes/2600537/autores | https://dadosabertos.camara.leg.br/api/v2/proposicoes/2600539 | https://dadosabertos.camara.leg.br/api/v2/proposicoes/2600544 | https://dadosabertos.camara.leg.br/api/v2/proposicoes/2592447 | https://dadosabertos.camara.leg.br/api/v2/proposicoes?siglaTipo=PL&numero=173&ano=2026;2025-11-17;2026-10-02;A;A (Lula 3);D2
NOR2-019;Senado Federal – processo do PL 5.874/2025 (idProcesso 8992942): aprovação sem alteração, rejeição de emendas (inclusive Emenda 91 'reitor') e sanção como Lei 15.367/2026;Senado Federal;https://legis.senado.leg.br/dadosabertos/processo?sigla=PL&numero=5874&ano=2025 | https://legis.senado.leg.br/dadosabertos/processo/8992942;2026-03-10;2026-10-02;A;A (Lula 3);D2
NOR2-020;Portaria MEC nº 67, de 4 de fevereiro de 2022 – homologa o Parecer nº 2/2022/CHEFIA/GAB/SEB/SEB (piso salarial do magistério 2022);Ministério da Educação (publicado no portal do FNDE);https://www.gov.br/fnde/pt-br/acesso-a-informacao/legislacao/portarias/2022/portaria-mec-no-67-de-2022 | https://www.fnde.gov.br/phocadownload/financiamento/fundeb/2022/PORTARIA%20MEC%20N%2067%20DE%202022%20-%20HOMOLOGA%20PARECER%20SEB%20FIXAO%20PISO%20MAGISTRIO%202022.pdf;2022-02-07;2026-10-02;A;B (Bolsonaro);D5
NOR2-021;Exposição de Motivos nº 143/2026 (MP 1.334/2026) – nova leitura: ausência de série histórica do piso;Ministério da Educação (Planalto);https://www.planalto.gov.br/ccivil_03/_ato2023-2026/2026/Exm/Exm-MP-1334-26.pdf;2026-01-19;2026-10-02;A;A (Lula 3);D5
NOR2-022;Câmara dos Deputados – Requerimentos de Informação (RIC) dirigidos a Ministros da Educação do governo Bolsonaro (2019–2022);Câmara dos Deputados;https://dadosabertos.camara.leg.br/api/v2/proposicoes?siglaTipo=RIC&codTema=46&ano=2019&itens=100&ordem=ASC&ordenarPor=id | https://dadosabertos.camara.leg.br/api/v2/proposicoes?siglaTipo=RIC&codTema=46&ano=2020&itens=100&ordem=ASC&ordenarPor=id&pagina=1 | ...&pagina=2 | https://dadosabertos.camara.leg.br/api/v2/proposicoes?siglaTipo=RIC&codTema=46&ano=2022&itens=100&ordem=ASC&ordenarPor=id | https://dadosabertos.camara.leg.br/api/v2/proposicoes/2191160 | https://dadosabertos.camara.leg.br/api/v2/proposicoes/2193015 | https://dadosabertos.camara.leg.br/api/v2/proposicoes/2197540 | https://dadosabertos.camara.leg.br/api/v2/proposicoes/2236313 | https://dadosabertos.camara.leg.br/api/v2/proposicoes/2257629 | https://dadosabertos.camara.leg.br/api/v2/proposicoes/2318460 | https://dadosabertos.camara.leg.br/api/v2/proposicoes/2319096;várias;2026-10-02;A;B (Bolsonaro);D4
NOR2-023;Câmara dos Deputados – RICs dirigidos a Ministros da Educação do governo Lula 3 (2026) e assinatura ministerial em leis de 2026 (Barchini);"Câmara dos Deputados; Presidência da República (Planalto)";https://dadosabertos.camara.leg.br/api/v2/proposicoes?siglaTipo=RIC&codTema=46&ano=2026&itens=100&ordem=ASC&ordenarPor=id | https://dadosabertos.camara.leg.br/api/v2/proposicoes/2612708 | https://dadosabertos.camara.leg.br/api/v2/proposicoes/2617902 | https://www.planalto.gov.br/ccivil_03/_ato2023-2026/2026/lei/L15418.htm;várias;2026-10-02;A;A (Lula 3);D4
NOR2-024;"Decreto 10.502/2020 (Planalto) – anotações 'Vide ADI 6590' (incidente STF 6036507) e revogação; Lei 14.172/2021 – anotações";Presidência da República (Planalto);https://www.planalto.gov.br/ccivil_03/_ato2019-2022/2020/decreto/D10502.htm | https://www.planalto.gov.br/ccivil_03/_ato2019-2022/2021/lei/L14172.htm;2020-10-01;2026-10-02;A;ambos;D2
PRO-001;Decreto nº 10.004, de 5 de setembro de 2019 – Institui o Programa Nacional das Escolas Cívico-Militares;Presidência da República – Secretaria-Geral – Subchefia para Assuntos Jurídicos;https://www.planalto.gov.br/ccivil_03/_ato2019-2022/2019/decreto/D10004.htm;2019-09-06;2026-10-02;A;B (Bolsonaro);D3
PRO-002;Decreto nº 11.611, de 19 de julho de 2023 – Revoga o Decreto nº 10.004/2019 (Pecim);Presidência da República – Casa Civil – Secretaria Especial para Assuntos Jurídicos;https://www.planalto.gov.br/ccivil_03/_ato2023-2026/2023/decreto/D11611.htm;2023-07-21;2026-10-02;A;ambos;D3
PRO-003;Decreto nº 9.765, de 11 de abril de 2019 – Institui a Política Nacional de Alfabetização;Presidência da República – Secretaria-Geral – Subchefia para Assuntos Jurídicos;https://www.planalto.gov.br/ccivil_03/_ato2019-2022/2019/decreto/D9765.htm;2019-04-11;2026-10-02;A;B (Bolsonaro);D3
PRO-004;Decreto nº 11.556, de 12 de junho de 2023 – Institui o Compromisso Nacional Criança Alfabetizada;Presidência da República – Casa Civil – Secretaria Especial para Assuntos Jurídicos;https://www.planalto.gov.br/ccivil_03/_ato2023-2026/2023/decreto/D11556.htm;2023-06-13;2026-10-02;A;A (Lula 3);D3
PRO-005;Acórdão 1537/2026-TCU-Plenário – Acompanhamento do Compromisso Nacional Criança Alfabetizada (RePP 2026);Tribunal de Contas da União;https://pesquisa.apps.tcu.gov.br/rest/publico/base/acordao-completo/documento?termo=KEY:%22ACORDAO-COMPLETO-2766175%22&quantidade=1&inicio=0;2026-06-17;2026-10-02;B;A (Lula 3);D3
PRO-006;Acórdão 1366/2025-TCU-Plenário – Auditoria operacional sobre fatores do baixo desempenho na alfabetização;Tribunal de Contas da União;https://pesquisa.apps.tcu.gov.br/rest/publico/base/acordao-completo/documento?termo=KEY:%22ACORDAO-COMPLETO-2694029%22&quantidade=1&inicio=0;2025-06-25;2026-10-02;B;A (Lula 3);D3
PRO-007;Acórdão 2060/2023-TCU-Plenário – Monitoramento de estratégias de transformação digital (lista de ações de educação digital informadas pela Casa Civil);Tribunal de Contas da União;https://pesquisa.apps.tcu.gov.br/rest/publico/base/acordao-completo/documento?termo=KEY:%22ACORDAO-COMPLETO-2626982%22&quantidade=1&inicio=0;2023-10-04;2026-10-02;B;B (Bolsonaro);D3
PRO-008;PL 3076/2020 – Institui o Programa Universidades e Institutos Empreendedores e Inovadores – Future-se (ficha na API de Dados Abertos da Câmara);Câmara dos Deputados;https://dadosabertos.camara.leg.br/api/v2/proposicoes/2254321;2020-06-02;2026-10-02;A;B (Bolsonaro);D3
PRO-009;Lei nº 14.180, de 1º de julho de 2021 – Institui a Política de Inovação Educação Conectada;Presidência da República – Secretaria-Geral – Subchefia para Assuntos Jurídicos;https://www.planalto.gov.br/ccivil_03/_ato2019-2022/2021/lei/L14180.htm;2021-07-02;2026-10-02;A;B (Bolsonaro);D3
PRO-010;Lei nº 14.172, de 10 de junho de 2021 – Garantia de acesso à internet, com fins educacionais, a alunos e professores da educação básica pública;Presidência da República – Secretaria-Geral – Subchefia para Assuntos Jurídicos;https://www.planalto.gov.br/ccivil_03/_ato2019-2022/2021/lei/L14172.htm;2021-06-11;2026-10-02;A;ambos;D3
PRO-011;Acórdão 326/2022-TCU-Plenário – Auditoria operacional sobre estratégia digital na educação básica, com ênfase no PIEC;Tribunal de Contas da União;https://pesquisa.apps.tcu.gov.br/rest/publico/base/acordao-completo/documento?termo=KEY:%22ACORDAO-COMPLETO-2515133%22&quantidade=1&inicio=0;2022-02-16;2026-10-02;B;B (Bolsonaro);D3
PRO-012;Acórdão 1427/2024-TCU-Plenário – Acompanhamento da implementação da Lei 14.172/2021 (internet para alunos e professores);Tribunal de Contas da União;https://pesquisa.apps.tcu.gov.br/rest/publico/base/acordao-completo/documento?termo=KEY:%22ACORDAO-COMPLETO-2651691%22&quantidade=1&inicio=0;2024-07-17;2026-10-02;B;ambos;D3
PRO-013;Decreto nº 11.713, de 26 de setembro de 2023 – Institui a Estratégia Nacional de Escolas Conectadas;Presidência da República – Casa Civil – Secretaria Especial para Assuntos Jurídicos;https://www.planalto.gov.br/ccivil_03/_ato2023-2026/2023/decreto/D11713.htm;2023-09-27;2026-10-02;A;A (Lula 3);D3
PRO-014;Acórdão 1082/2026-TCU-Plenário – Auditoria operacional da política de conectividade nas escolas (Enec);Tribunal de Contas da União;https://pesquisa.apps.tcu.gov.br/rest/publico/base/acordao-completo/documento?termo=KEY:%22ACORDAO-COMPLETO-2745885%22&quantidade=1&inicio=0;2026-04-29;2026-10-02;B;A (Lula 3);D3
PRO-015;Lei nº 14.040, de 18 de agosto de 2020 – Normas educacionais excepcionais durante o estado de calamidade pública (conversão da MP 934/2020);Presidência da República – Secretaria-Geral – Subchefia para Assuntos Jurídicos;https://www.planalto.gov.br/ccivil_03/_ato2019-2022/2020/lei/L14040.htm;2020-08-19;2026-10-02;A;B (Bolsonaro);D3
PRO-016;Acórdão 2620/2021-TCU-Plenário – Quarto acompanhamento do PNE 2014-2024 (atuação do MEC na pandemia);Tribunal de Contas da União;https://pesquisa.apps.tcu.gov.br/rest/publico/base/acordao-completo/documento?termo=KEY:%22ACORDAO-COMPLETO-2471623%22&quantidade=1&inicio=0;2021-11-03;2026-10-02;B;B (Bolsonaro);D3
PRO-017;Acórdão 1955/2020-TCU-Plenário – Acompanhamento (Programa Coopera) das ações de PNAE e PDDE na pandemia;Tribunal de Contas da União;https://pesquisa.apps.tcu.gov.br/rest/publico/base/acordao-completo/documento?termo=KEY:%22ACORDAO-COMPLETO-2416944%22&quantidade=1&inicio=0;2020-07-29;2026-10-02;B;B (Bolsonaro);D3
PRO-018;Lei nº 14.375, de 21 de junho de 2022 – Transação resolutiva de litígios de créditos do Fies (conversão da MP 1.090/2021);Presidência da República – Secretaria-Geral – Subchefia para Assuntos Jurídicos;https://www.planalto.gov.br/ccivil_03/_ato2019-2022/2022/lei/L14375.htm;2022-06-22;2026-10-02;A;B (Bolsonaro);D3
PRO-019;Acórdão 1657/2024-TCU-Plenário – Auditoria operacional da estruturação do Fies e do Prouni (revisão de gastos);Tribunal de Contas da União;https://pesquisa.apps.tcu.gov.br/rest/publico/base/acordao-completo/documento?termo=KEY:%22ACORDAO-COMPLETO-2653971%22&quantidade=1&inicio=0;2024-08-21;2026-10-02;B;ambos;D3
PRO-020;Lei nº 14.640, de 31 de julho de 2023 – Institui o Programa Escola em Tempo Integral;Presidência da República – Casa Civil – Secretaria Especial para Assuntos Jurídicos;https://www.planalto.gov.br/ccivil_03/_ato2023-2026/2023/lei/L14640.htm;2023-08-01;2026-10-02;A;A (Lula 3);D3
PRO-021;Acórdão 310/2026-TCU-Plenário – Consulta do MEC sobre uso de recursos do Programa Escola em Tempo Integral;Tribunal de Contas da União;https://pesquisa.apps.tcu.gov.br/rest/publico/base/acordao-completo/documento?termo=KEY:%22ACORDAO-COMPLETO-2745828%22&quantidade=1&inicio=0;2026-02-11;2026-10-02;B;A (Lula 3);D3
PRO-022;Lei nº 14.818, de 16 de janeiro de 2024 – Institui incentivo financeiro-educacional, na modalidade de poupança, aos estudantes do ensino médio público (Pé-de-Meia);Presidência da República – Casa Civil – Secretaria Especial para Assuntos Jurídicos;https://www.planalto.gov.br/ccivil_03/_ato2023-2026/2024/lei/L14818.htm;2024-01-17;2026-10-02;A;A (Lula 3);D3
PRO-023;"TCU – Listagem de jurisprudência (termo ""pé-de-meia"") com sumários dos Acórdãos 61/2025, 297/2025, 1969/2025, 1980/2025, 1988/2025 e 1502/2026-Plenário";Tribunal de Contas da União;https://pesquisa.apps.tcu.gov.br/rest/publico/base/acordao-completo/documentosResumidos?termo=%22p%C3%A9-de-meia%22&ordenacao=DTRELEVANCIA%20desc&quantidade=30&inicio=0;2025-01-22;2026-10-02;B;A (Lula 3);D3
PRO-024;"Acórdão 2261/2026-TCU-Plenário – Representação sobre o Programa Pé-de-Meia (monitoramento; regularização orçamentária)";Tribunal de Contas da União;https://pesquisa.apps.tcu.gov.br/rest/publico/base/acordao-completo/documento?termo=KEY:%22ACORDAO-COMPLETO-2736844%22&quantidade=1&inicio=0;2026-08-25;2026-10-02;B;A (Lula 3);D3
PRO-025;Acórdão 663/2026-TCU-Plenário – Representação sobre inconsistências no número de beneficiários do Pé-de-Meia;Tribunal de Contas da União;https://pesquisa.apps.tcu.gov.br/rest/publico/base/acordao-completo/documento?termo=KEY:%22ACORDAO-COMPLETO-2731658%22&quantidade=1&inicio=0;2026-03-18;2026-10-02;B;A (Lula 3);D3
PRO-026;Lei nº 15.265, de 2025 – Institui o Rearp e altera, entre outras, a Lei nº 14.818/2024 (Pé-de-Meia);Presidência da República – Casa Civil – Secretaria Especial para Assuntos Jurídicos;https://www.planalto.gov.br/ccivil_03/_ato2023-2026/2025/lei/L15265.htm;2025-11-21;2026-10-02;A;A (Lula 3);D3
PRO-027;"Lei nº 14.719, de 1º de novembro de 2023 – Pacto Nacional pela Retomada de Obras e de Serviços de Engenharia Destinados à Educação Básica e Profissionalizante e à Saúde; altera a Lei nº 10.260/2001 (Fies)";Presidência da República – Casa Civil – Secretaria Especial para Assuntos Jurídicos;https://www.planalto.gov.br/ccivil_03/_ato2023-2026/2023/lei/L14719.htm;2023-11-03;2026-10-02;A;A (Lula 3);D3
PRO-028;Acórdão 2103/2024-TCU-Plenário – Acompanhamento do Pacto Nacional pela Retomada de Obras da educação básica e profissionalizante;Tribunal de Contas da União;https://pesquisa.apps.tcu.gov.br/rest/publico/base/acordao-completo/documento?termo=KEY:%22ACORDAO-COMPLETO-2681681%22&quantidade=1&inicio=0;2024-10-02;2026-10-02;B;A (Lula 3);D3
PRO-029;Decreto nº 12.358, de 14 de janeiro de 2025 – Institui o Programa Mais Professores para o Brasil;Presidência da República;https://www.planalto.gov.br/ccivil_03/_ato2023-2026/2025/decreto/D12358.htm;2025-01-15;2026-10-02;A;A (Lula 3);D3
PRO-030;Lei nº 14.945, de 31 de julho de 2024 – Altera a LDB para definir diretrizes para o ensino médio;Presidência da República – Casa Civil – Secretaria Especial para Assuntos Jurídicos;https://www.planalto.gov.br/ccivil_03/_ato2023-2026/2024/lei/L14945.htm;2024-08-01;2026-10-02;A;A (Lula 3);D3
PRO-031;Acórdão 1748/2023-TCU-Plenário – Auditoria operacional da implementação do Novo Ensino Médio pelo MEC;Tribunal de Contas da União;https://pesquisa.apps.tcu.gov.br/rest/publico/base/acordao-completo/documento?termo=KEY:%22ACORDAO-COMPLETO-2585400%22&quantidade=1&inicio=0;2023-08-23;2026-10-02;B;ambos;D3
PRO-032;Acórdão 2272/2024-TCU-Plenário – Levantamento sobre políticas do Marco Legal da Primeira Infância (inclui PNAE creche/pré-escola e Resolução CD/FNDE 2/2023);Tribunal de Contas da União;https://pesquisa.apps.tcu.gov.br/rest/publico/base/acordao-completo/documento?termo=KEY:%22ACORDAO-COMPLETO-2658219%22&quantidade=1&inicio=0;2024-10-23;2026-10-02;B;A (Lula 3);D3
PRO-033;Acórdão 875/2026-TCU-Plenário – Auditoria operacional sobre acesso e não ocupação de vagas novas nas universidades federais;Tribunal de Contas da União;https://pesquisa.apps.tcu.gov.br/rest/publico/base/acordao-completo/documento?termo=KEY:%22ACORDAO-COMPLETO-2736893%22&quantidade=1&inicio=0;2026-04-08;2026-10-02;B;ambos;D3
PRO-034;Acórdão 1126/2026-TCU-Plenário – Auditoria na gestão dos programas de Educação Profissional e de Educação Superior (exercício 2025);Tribunal de Contas da União;https://pesquisa.apps.tcu.gov.br/rest/publico/base/acordao-completo/documento?termo=KEY:%22ACORDAO-COMPLETO-2763994%22&quantidade=1&inicio=0;2026-05-06;2026-10-02;B;A (Lula 3);D3
PRO-035;PL 2617/2023 – Institui o Programa Escola em Tempo Integral (ficha e autoria na API de Dados Abertos da Câmara);Câmara dos Deputados;https://dadosabertos.camara.leg.br/api/v2/proposicoes/2362716/autores;2023-05-01;2026-10-02;A;A (Lula 3);D3
PRO-036;PL 54/2021 (origem da Lei 14.818/2024) e MPV 1198/2023 – fichas e autoria na API de Dados Abertos da Câmara;Câmara dos Deputados;https://dadosabertos.camara.leg.br/api/v2/proposicoes/2268691/autores;2021-02-01;2026-10-02;A;A (Lula 3);D3
PRO-037;PL 5230/2023 (origem da Lei 14.945/2024 – ensino médio) – ficha e autoria na API de Dados Abertos da Câmara;Câmara dos Deputados;https://dadosabertos.camara.leg.br/api/v2/proposicoes/2399598/autores;2023-10-26;2026-10-02;A;A (Lula 3);D3
PRO2-001;Lei nº 13.856, de 8 de julho de 2019 – Cria a Universidade Federal do Norte do Tocantins;Presidência da República (Planalto) / registro no Senado Federal (LexML/Dados Abertos);https://www.planalto.gov.br/ccivil_03/_ato2019-2022/2019/lei/L13856.htm;2019-07-09;2026-10-02;A;B (Bolsonaro);D3
PRO2-002;"Proposições de autoria do Poder Executivo com palavra-chave ""Universidade"" e ""Instituto Federal"" apresentadas desde 01/01/2019 (API Dados Abertos da Câmara)";Câmara dos Deputados – Dados Abertos;https://dadosabertos.camara.leg.br/api/v2/proposicoes?autor=Poder%20Executivo&keywords=Universidade&dataApresentacaoInicio=2019-01-01&itens=100&ordem=DESC&ordenarPor=id;2026-10-02 (consulta);2026-10-02;A;ambos;D3
PRO2-003;PL 11.279/2019 (Mensagem nº 799/2018) – cria Institutos Federais e duas universidades federais no Amazonas – retirado pelo Poder Executivo (Mensagem nº 84/2019);Câmara dos Deputados – Dados Abertos (ficha e tramitações);https://dadosabertos.camara.leg.br/api/v2/proposicoes/2190325/tramitacoes;2019-01-03;2026-10-02;A;B (Bolsonaro);D3
PRO2-004;Inventário de leis ordinárias por ano com ementa sobre criação de universidades/IFs (Dados Abertos do Senado – legislação federal);Senado Federal – Dados Abertos (legislacao/lista);https://legis.senado.leg.br/dadosabertos/legislacao/lista?tipo=LEI&ano=2026;2026-10-02 (consulta);2026-10-02;A;ambos;D3
PRO2-005;Lei nº 15.418, de 28 de maio de 2026 – Cria a Universidade Federal Indígena (PL 6.132/2025, do Poder Executivo);"Presidência da República (Planalto); Câmara dos Deputados (autoria)";https://www.planalto.gov.br/ccivil_03/_ato2023-2026/2026/lei/L15418.htm;2026-05-28;2026-10-02;A;A (Lula 3);D3
PRO2-006;Lei nº 15.457, de 3 de julho de 2026 – Cria a Universidade Federal do Esporte (PL 6.133/2025, do Poder Executivo);"Presidência da República (Planalto); Câmara dos Deputados (autoria)";https://www.planalto.gov.br/ccivil_03/_ato2023-2026/2026/lei/L15457.htm;2026-07-03;2026-10-02;A;A (Lula 3);D3
PRO2-007;Lei nº 15.520, de 24 de setembro de 2026 – Cria a Universidade Federal da Fronteira Norte (PL 4.951/2026, do Poder Executivo);"Presidência da República (Planalto); Câmara dos Deputados (autoria)";https://www.planalto.gov.br/ccivil_03/_ato2023-2026/2026/lei/L15520.htm;2026-09-24;2026-10-02;A;A (Lula 3);D3
PRO2-008;Lei nº 15.521, de 24 de setembro de 2026 – Transforma os CEFETs de Minas Gerais e do Rio de Janeiro em Universidades Federais de Ciência e Inovação (PL 4.952/2026, do Poder Executivo);"Presidência da República (Planalto); Câmara dos Deputados (autoria)";https://www.planalto.gov.br/ccivil_03/_ato2023-2026/2026/lei/L15521.htm;2026-09-24;2026-10-02;A;A (Lula 3);D3
PRO2-009;"Lei nº 15.367, de 30 de março de 2026 (art. 1º, XXIV) – criação do Instituto Federal do Sertão Paraibano; PL 5.874/2025 e PL 1/2026, do Poder Executivo";"Presidência da República (Planalto); Câmara dos Deputados (ficha e autoria)";https://www.planalto.gov.br/ccivil_03/_ato2023-2026/2026/lei/L15367.htm;2026-03-30;2026-10-02;A;A (Lula 3);D3
PRO2-010;"RQS 672/2023 – Requerimento de informações ao Ministro da Educação sobre o ""processo de avaliação"" do Pecim (coautoria de Flávio Bolsonaro) e Ofício MEC nº 141/2025 (resposta – não lida)";Senado Federal – Dados Abertos (processo 8495948);https://legis.senado.leg.br/dadosabertos/processo/8495948;2023-07-13;2026-10-02;A;ambos;D3
PRO2-011;Proposições sobre o Pecim na Câmara (PDLs 643/2019, 649/2019, 56/2023, 185/2023, 186/2023) e justificação do PDL 185/2023 (cita o Ofício Circular nº 4/2023/COGEF/DPDI/SEB/SEB-MEC);Câmara dos Deputados – Dados Abertos e inteiro teor;https://www.camara.leg.br/proposicoesWeb/prop_mostrarintegra?codteor=2301955;2023-07-20;2026-10-02;A;ambos;D3
PRO2-012;Lei nº 14.350, de 25 de maio de 2022 – aperfeiçoa o Prouni (conversão da MP nº 1.075/2021);"Presidência da República (Planalto); Câmara dos Deputados (ficha da MPV 1075/2021)";https://www.planalto.gov.br/ccivil_03/_ato2019-2022/2022/lei/L14350.htm;2022-05-25;2026-10-02;A;B (Bolsonaro);D3
PRO2-013;Medida Provisória nº 1.355, de 4 de maio de 2026 – Novo Desenrola Brasil (inclui renegociação de débitos do Fies) – perdeu a eficácia;"Presidência da República (Planalto); Câmara dos Deputados (situação)";https://www.planalto.gov.br/ccivil_03/_ato2023-2026/2026/mpv/mpv1355.htm;2026-05-04;2026-10-02;A;A (Lula 3);D3
PRO2-014;Decreto nº 11.901, de 26 de janeiro de 2024 – Regulamenta a Lei 14.818/2024 e cria o Programa Pé-de-Meia;Presidência da República (Planalto);https://www.planalto.gov.br/ccivil_03/_ato2023-2026/2024/decreto/D11901.htm;2024-01-26;2026-10-02;A;A (Lula 3);D3
RES-001;Ideb avança em todas as etapas da educação básica;Inep / MEC (Assessoria de Comunicação Social do Inep);https://www.gov.br/inep/pt-br/centrais-de-conteudo/noticias/ideb/ideb-avanca-em-todas-as-etapas-da-educacao-basica;2026-08-05;2026-10-02;A;ambos;D6
RES-002;Ideb – Resultados 2005 | 2025 (página de disseminação);Inep;https://www.gov.br/inep/pt-br/areas-de-atuacao/pesquisas-estatisticas-e-indicadores/ideb/resultados/2005-2025;2026-08-05;2026-10-02;A;ambos;D6
RES-003;Ideb – Outros Documentos (notas informativas e notas técnicas);Inep;https://www.gov.br/inep/pt-br/areas-de-atuacao/pesquisas-estatisticas-e-indicadores/ideb/outros-documentos;desconhecida;2026-10-02;A;contexto;D6
RES-004;Inep divulga os resultados finais do Saeb 2025;Inep (Assessoria de Comunicação Social);https://www.gov.br/inep/pt-br/centrais-de-conteudo/noticias/saeb/inep-divulga-os-resultados-finais-do-saeb-2025;2026-08-06;2026-10-02;A;A (Lula 3);D6
RES-005;Saeb – Resultados (abas 2017, 2019, 2021, 2023, 2025);Inep;https://www.gov.br/inep/pt-br/areas-de-atuacao/avaliacao-e-exames-educacionais/saeb/resultados;"desconhecida (abas 2023: publ. 2025-04-03; 2025: publ. 2026-08-07)";2026-10-02;A;ambos;D6
RES-006;Pisa – Resultados (abas 2018, 2022, 2025);Inep;https://www.gov.br/inep/pt-br/areas-de-atuacao/avaliacao-e-exames-educacionais/pisa/resultados;"2018: publ. 2020-09-28; 2022: publ. 2023-12-05; 2025: publ. 2026-09-08";2026-10-02;A;ambos;D6
RES-007;Education GPS – Brazil – Student performance (PISA 2025);OCDE (OECD Education GPS);https://gpseducation.oecd.org/CountryProfile?primaryCountry=BRA&treshold=10&topic=PI;"2026-09-08 (data de lançamento do PISA 2025 Results Vol. I; página sem data própria)";2026-10-02;A;ambos;D6
RES-008;Inep lança publicação que detalha a construção do Indicador Criança Alfabetizada (ICA) e os desafios da educação básica no país;Inep (Assessoria de Comunicação Social);https://www.gov.br/inep/pt-br/centrais-de-conteudo/noticias/avaliacao-da-alfabetizacao/inep-lanca-publicacao-que-detalha-a-construcao-do-indicador-crianca-alfabetizada-ica-e-os-desafios-da-educacao-basica-no-pais;2026-08-21;2026-10-02;A;A (Lula 3);D6
RES-009;Avaliação da Alfabetização – página e Resultados (abas 2023, 2024, 2025);Inep;https://www.gov.br/inep/pt-br/areas-de-atuacao/avaliacao-e-exames-educacionais/avaliacao-da-alfabetizacao;"resultados: publ. 2025-03-23, atual. 2026-04-01; aba 2025 publ. 2026-03-23, atual. 2026-08-24; aba 2024 publ. 2025-07-11";2026-10-02;A;A (Lula 3);D6
RES-010;Conheça o perfil dos 46 milhões de estudantes da educação básica no Dia do Estudante;Inep;https://www.gov.br/inep/pt-br/centrais-de-conteudo/noticias/censo-escolar/conheca-o-perfil-dos-46-milhoes-de-estudantes-da-educacao-basica-no-dia-do-estudante;2026-08-11;2026-10-02;A;A (Lula 3);D6
RES-011;"Sinopses Estatísticas da Educação Básica; Censo Escolar – Resultados (abas 2018 e 2025)";Inep;https://www.gov.br/inep/pt-br/acesso-a-informacao/dados-abertos/sinopses-estatisticas/educacao-basica;aba Censo Escolar 2025: publ. 2026-07-08, atual. 2026-07-16;2026-10-02;A;ambos;D6
RES-012;Censo da Educação Superior – Resultados (abas 2018 e 2024) e Sinopses Estatísticas da Educação Superior;Inep;https://www.gov.br/inep/pt-br/areas-de-atuacao/pesquisas-estatisticas-e-indicadores/censo-da-educacao-superior/resultados;aba 2024: publ. 2026-07-09, atual. 2026-07-16;2026-10-02;A;ambos;D6
RES-013;Taxas de Rendimento Escolar (aprovação, reprovação, abandono) – Dados abertos, abas 2017–2025;Inep;https://www.gov.br/inep/pt-br/acesso-a-informacao/dados-abertos/indicadores-educacionais/taxas-de-rendimento-escolar;desconhecida;2026-10-02;A;ambos;D6
RES-014;Taxas de Transição (promoção, repetência, evasão) – Dados abertos;Inep;https://www.gov.br/inep/pt-br/acesso-a-informacao/dados-abertos/indicadores-educacionais/taxas-de-transicao;"página atualizada em 2025-07-30; arquivos atualizados em 2025-08-26";2026-10-02;A;ambos;D6
RES-015;SIDRA Tabela 7113 – Taxa de analfabetismo das pessoas de 15 anos ou mais de idade, por sexo e grupo de idade (PNAD Contínua – Educação);IBGE;https://apisidra.ibge.gov.br/values/t/7113/n1/all/v/10267/p/all/c2/6794/c58/2795;desconhecida (consulta à API em 2026-10-02);2026-10-02;A;ambos;D6
RES-016;Concessão de Bolsas a Instituições de Ensino Superior apoiadas pela Capes ([2017 a 2021] e [2022 a 2025]);CAPES – Portal de Dados Abertos;https://dadosabertos.capes.gov.br/dataset/2022-a-2025-concessao-de-bolsas-a-instituicoes-de-ensino-superior-apoiadas-pela-capes;"recursos 2025 datados de 2026-04-01; 2023 e 2024 de 2025-06-01";2026-10-02;A;ambos;D6
RES-017;Discentes da Pós-Graduação Stricto Sensu do Brasil ([2017 a 2020] e [2021 a 2024]);CAPES – Portal de Dados Abertos (Coleta Sucupira);https://dadosabertos.capes.gov.br/dataset/2021-a-2024-discentes-da-pos-graduacao-stricto-sensu-do-brasil;"recursos 2021–2023 datados de 2025-03-31; 2024 de 2025-12-01; 2017–2020 de 2023-12-01";2026-10-02;A;ambos;D6
RES-018;Relatório de Gestão – CNPq 2025 (e lista de Relatórios de Gestão 2018–2025);CNPq / MCTI;https://www.gov.br/cnpq/pt-br/acesso-a-informacao/auditorias/copy_of_RG2025vfinal31032026semlogo.pdf;"2026-03-31 (data no nome do arquivo; confirmar)";2026-10-02;A;A (Lula 3);D6
RES-019;Relatório de Gestão – CNPq 2022;CNPq / MCTI;https://www.gov.br/cnpq/pt-br/acesso-a-informacao/auditorias/RELATORIOGESTAOvACS20230428.pdf;"2023-04-28 (data no nome do arquivo; confirmar)";2026-10-02;A;B (Bolsonaro);D6
RES-020;CNPq – Painéis de Dados e Mapa de Fomento em CT&I;CNPq / MCTI;https://www.gov.br/cnpq/pt-br/acesso-a-informacao/dados-abertos/paineis-de-dados;"publ. 2025-03-26; atual. 2026-08-31";2026-10-02;A;contexto;D6
RES-021;Relatório de Gestão – CNPq 2024 (com nota sobre RG 2019);CNPq / MCTI;https://www.gov.br/cnpq/pt-br/acesso-a-informacao/planejamento-e-governanca/RelatriodeGesto2024CNPq.pdf;desconhecida (2025);2026-10-02;A;A (Lula 3);D6
RES-022;Índice de Desenvolvimento da Educação Básica (verbete);"Wikipédia (fonte terciária – NÃO citável; usada só para orientação)";https://pt.wikipedia.org/wiki/Índice_de_Desenvolvimento_da_Educação_Básica;desconhecida;2026-10-02;D;contexto;D6
RES-023;"Apresentações – Pesquisas Estatísticas e Indicadores Educacionais; Avaliações e Exames Educacionais";Inep;https://www.gov.br/inep/pt-br/centrais-de-conteudo/apresentacoes/pesquisas-estatisticas-e-indicadores-educacionais-1;atual. 2026-08-14;2026-10-02;A;ambos;D6
RES2-001;PISA: Mean performance on the mathematics scale - Brazil (API World Bank, indicador LO.PISA.MAT);Banco Mundial (EdStats, sourceid 12) - dado de origem OCDE/PISA;https://api.worldbank.org/v2/country/BRA/indicator/LO.PISA.MAT?format=json&date=2009:2025;2024-06-25 (lastupdated);2026-10-02;B;contexto;D6
RES2-002;PISA: Mean performance on the reading scale - Brazil (API World Bank, indicador LO.PISA.REA);Banco Mundial (EdStats, sourceid 12) - dado de origem OCDE/PISA;https://api.worldbank.org/v2/country/BRA/indicator/LO.PISA.REA?format=json&date=2009:2025;2024-06-25 (lastupdated);2026-10-02;B;contexto;D6
RES2-003;PISA: Mean performance on the science scale - Brazil (API World Bank, indicador LO.PISA.SCI);Banco Mundial (EdStats, sourceid 12) - dado de origem OCDE/PISA;https://api.worldbank.org/v2/country/BRA/indicator/LO.PISA.SCI?format=json&date=2009:2025;2024-06-25 (lastupdated);2026-10-02;B;contexto;D6
RES2-004;Histórico (Pisa);Inep;https://www.gov.br/inep/pt-br/areas-de-atuacao/avaliacao-e-exames-educacionais/pisa/historico;2020-10-22 (atualizado 2020-12-18);2026-10-02;A;contexto;D6
RES2-005;Pisa: Brasil está entre os países que mais avançaram em educação nos últimos 20 anos;Inep (Assessoria de Comunicação Social);https://www.gov.br/inep/pt-br/centrais-de-conteudo/noticias/acoes-internacionais/pisa-brasil-esta-entre-os-paises-que-mais-avancaram-em-educacao-nos-ultimos-20-anos;2026-09-08 (atualizado 2026-09-15);2026-10-02;A;A (Lula 3);D6
RES2-006;Para ministro, Pisa mostra a ineficiência das gestões passadas (Agência Brasil);Agência Brasil (EBC) – Pedro Peduzzi e Mariana Tokarnia;https://agenciabrasil.ebc.com.br/educacao/noticia/2019-12/ministro-culpa-metodologia-paulo-freire-por-resultado-no-pisa;2019-12-03;2026-10-02;D;contexto;D6
RES2-007;Pisa: Brasil reduz diferença para países ricos no desempenho escolar (Agência Brasil);Agência Brasil (EBC) – Pedro Rafael Vilela;https://agenciabrasil.ebc.com.br/educacao/noticia/2026-09/pisa-brasil-reduz-diferenca-para-paises-ricos-no-desempenho-escolar;2026-09-08;2026-10-02;D;contexto;D6
RES2-008;Brasil avança no Ideb, mas apenas ensino fundamental cumpre meta (Agência Brasil);"Agência Brasil (EBC) – Mariana Tokarnia; fonte citada: Inep";https://agenciabrasil.ebc.com.br/educacao/noticia/2020-09/brasil-avanca-no-ideb-mas-apenas-ensino-fundamental-cumpre-meta;2020-09-15;2026-10-02;D;ambos;D6
RES2-009;Ideb tem pequeno avanço no ensino médio, mas segue abaixo da meta (Agência Brasil);Agência Brasil (EBC) – Mariana Tokarnia;https://agenciabrasil.ebc.com.br/educacao/noticia/2018-09/ideb-tem-pequeno-avanco-no-ensino-medio-mas-segue-abaixo-da-meta;2018-09-03;2026-10-02;D;contexto;D6
RES2-010;Em meio à pandemia, aprendizagem cai nas escolas do país (Agência Brasil);"Agência Brasil (EBC) – Mariana Tokarnia; fonte citada: Inep/MEC";https://agenciabrasil.ebc.com.br/educacao/noticia/2022-09/em-meio-pandemia-aprendizagem-cai-nas-escolas-do-pais;2022-09-16;2026-10-02;D;B (Bolsonaro);D6
RES2-011;Ideb cresce e mostra aumento da qualidade da educação básica (Agência Brasil);"Agência Brasil (EBC) – Pedro Peduzzi; fonte citada: MEC";https://agenciabrasil.ebc.com.br/educacao/noticia/2024-08/ideb-cresce-e-mostra-aumento-da-qualidade-da-educacao-basica;2024-08-14;2026-10-02;D;ambos;D6
RES2-012;Saeb 2025: Brasil recupera nível pré-pandemia, mas ainda tem gargalos (Agência Brasil);Agência Brasil (EBC) – Daniella Almeida;https://agenciabrasil.ebc.com.br/educacao/noticia/2026-08/saeb-2025-brasil-recupera-nivel-pre-pandemia-mas-ainda-tem-gargalos;2026-08-07;2026-10-02;D;A (Lula 3);D6
RES2-013;Apresentações – Pesquisas Estatísticas e Indicadores Educacionais;Inep;https://www.gov.br/inep/pt-br/centrais-de-conteudo/apresentacoes/pesquisas-estatisticas-e-indicadores-educacionais-1;2026-07-10 (atualizado 2026-08-14);2026-10-02;A;ambos;D6
RES2-014;Resultados do Índice de Desenvolvimento da Educação Básica: 2019: Resumo Técnico;Inep;https://www.gov.br/inep/pt-br/centrais-de-conteudo/acervo-linha-editorial/publicacoes-institucionais/estatisticas-e-indicadores-educacionais/resultados-do-indice-de-desenvolvimento-da-educacao-basica-2019-resumo-tecnico;2021-06-10 (atualizado 2021-06-21);2026-10-02;A;B (Bolsonaro);D6
RES2-015;Saeb – Resultados 2019;Inep;https://www.gov.br/inep/pt-br/areas-de-atuacao/avaliacao-e-exames-educacionais/saeb/resultados/2019;2022-09-16 (atualizado 2023-10-16);2026-10-02;A;B (Bolsonaro);D6
RES2-016;Saeb – Resultados 2021;Inep;https://www.gov.br/inep/pt-br/areas-de-atuacao/avaliacao-e-exames-educacionais/saeb/resultados/2021;2022-09-16;2026-10-02;A;B (Bolsonaro);D6
RES2-017;Pisa – Resultados 2022;Inep;https://www.gov.br/inep/pt-br/areas-de-atuacao/avaliacao-e-exames-educacionais/pisa/resultados/2022;2023-12-05;2026-10-02;A;B (Bolsonaro);D6
RES2-018;Pisa – Resultados 2018;Inep;https://www.gov.br/inep/pt-br/areas-de-atuacao/avaliacao-e-exames-educacionais/pisa/resultados/2018;2020-09-28 (atualizado 2021-08-03);2026-10-02;A;contexto;D6
RES2-019;Ideb – Outros Documentos;Inep;https://www.gov.br/inep/pt-br/areas-de-atuacao/pesquisas-estatisticas-e-indicadores/ideb/outros-documentos;2020-10-13 (data RSS);2026-10-02;A;ambos;D6
RES2-020;Boletim Legislativo nº 109, de 2024 – Impressões iniciais sobre o PL nº 2.614, de 2024, como proposta de novo PNE (2024-2034);Senado Federal – Consultoria Legislativa (Luana Bergmann Soares);https://www12.senado.leg.br/publicacoes/estudos-legislativos/tipos-de-estudos/boletins-legislativos/bol109;2024-07;2026-10-02;B;ambos;D6
RES2-021;Boletim Legislativo nº 112, de 2025 – O Plano Nacional de Educação em debate: análise do substitutivo da Câmara ao PL nº 2.614, de 2024;Senado Federal – Consultoria Legislativa;https://www12.senado.leg.br/publicacoes/estudos-legislativos/tipos-de-estudos/boletins-legislativos/bol112;2025-12;2026-10-02;B;ambos;D6
RES2-022;Prestação de Contas do Presidente da República – exercício 2021 (itens no repositório da CGU);Controladoria-Geral da União;https://basedeconhecimento.cgu.gov.br/server/api/core/items/5e13ac0d-b80e-438d-9908-90b0eee8849d/bundles?embed=bitstreams;2022 (PCPR 2021);2026-10-02;A;B (Bolsonaro);D6
