n	ids	url	tipo
0001	FIN-001	https://apisidra.ibge.gov.br/values/t/1737/n1/all/v/69/p/201912,202012,202112,202212,202312,202412,202512,202608	json
0002	FIN-001	https://apisidra.ibge.gov.br/values/t/1737/n1/all/v/2266/p/201812,201912,202012,202112,202212,202312,202412,202512,202608	json
0003	FIN-004	https://cdn.tesouro.gov.br/sistemas-internos/apex/producao/sistemas/thot/arquivos/publicacoes/31547_1016534/relatorio_dez19.pdf	pdf
0004	FIN-004	https://www.tesourotransparente.gov.br/publicacoes/boletim-resultado-do-tesouro-nacional-rtn/2019/12	html
0005	FIN-005	https://cdn.tesouro.gov.br/sistemas-internos/apex/producao/sistemas/thot/arquivos/publicacoes/37105_1940142/RTN_Boletim_2020_12.pdf	pdf
0006	FIN-005	https://www.tesourotransparente.gov.br/publicacoes/boletim-resultado-do-tesouro-nacional-rtn/2020/12	html
0007	FIN-006	https://cdn.tesouro.gov.br/sistemas-internos/apex/producao/sistemas/thot/arquivos/publicacoes/42576_1431436/RTN_Boletim_2021_12.pdf	pdf
0008	FIN-006	https://www.tesourotransparente.gov.br/publicacoes/boletim-resultado-do-tesouro-nacional-rtn/2021/12	html
0009	FIN-007	https://cdn.tesouro.gov.br/sistemas-internos/apex/producao/sistemas/thot/arquivos/publicacoes/46073_1449893/boletim_dez22.pdf	pdf
0010	FIN-007	https://www.tesourotransparente.gov.br/publicacoes/boletim-resultado-do-tesouro-nacional-rtn/2022/12	html
0011	FIN-008	https://cdn.tesouro.gov.br/sistemas-internos/apex/producao/sistemas/thot/arquivos/publicacoes/48787_1551088/boletim_dez23.pdf	pdf
0012	FIN-008	https://www.tesourotransparente.gov.br/publicacoes/boletim-resultado-do-tesouro-nacional-rtn/2023/12	html
0013	FIN-009	https://cdn.tesouro.gov.br/sistemas-internos/apex/producao/sistemas/thot/arquivos/publicacoes/51291_1726861/boletim_dez24.pdf	pdf
0014	FIN-009	https://www.tesourotransparente.gov.br/publicacoes/boletim-resultado-do-tesouro-nacional-rtn/2024/12	html
0015	FIN-010	https://cdn.tesouro.gov.br/sistemas-internos/apex/producao/sistemas/thot/arquivos/publicacoes/53718_1740106/boletim_dez25.pdf	pdf
0016	FIN-010	https://www.tesourotransparente.gov.br/publicacoes/boletim-resultado-do-tesouro-nacional-rtn/2025/12	html
0017	FIN-011	https://cdn.tesouro.gov.br/sistemas-internos/apex/producao/sistemas/thot/arquivos/publicacoes/55921_1803160/boletim_ago26.pdf	pdf
0018	FIN-011	https://www.tesourotransparente.gov.br/publicacoes/boletim-resultado-do-tesouro-nacional-rtn/2026/8	html
0019	FIN-012	https://www.planalto.gov.br/ccivil_03/_ato2019-2022/2019/decreto/D9741.htm	html
0020	FIN-013	https://www.planalto.gov.br/ccivil_03/_ato2019-2022/2019/decreto/D9809.htm	html
0021	FIN-014	https://www.planalto.gov.br/ccivil_03/_ato2019-2022/2019/decreto/D10028.htm	html
0022	FIN-015|FIN2-004	https://www.planalto.gov.br/ccivil_03/_ato2019-2022/2019/decreto/D10181.htm	html
0023	FIN-016	https://www.planalto.gov.br/ccivil_03/_ato2019-2022/2021/decreto/D10686.htm	html
0024	FIN-017|FIN2-019	https://www.planalto.gov.br/ccivil_03/_ato2019-2022/2021/decreto/D10699.htm	html
0025	FIN-018	https://www.planalto.gov.br/ccivil_03/_ato2019-2022/2021/decreto/D10874.htm	html
0026	FIN-019	https://www.planalto.gov.br/ccivil_03/_ato2019-2022/2022/decreto/D11086.htm	html
0027	FIN-020	https://www.planalto.gov.br/ccivil_03/_ato2019-2022/2022/decreto/D11154.htm	html
0028	FIN-021	https://www.planalto.gov.br/ccivil_03/_ato2019-2022/2022/decreto/D11216.htm	html
0029	FIN-022	https://www.planalto.gov.br/ccivil_03/_ato2019-2022/2022/decreto/D11269.htm	html
0030	FIN-023|FIN2-006	https://www.planalto.gov.br/ccivil_03/_ato2023-2026/2023/decreto/D11415.htm	html
0031	FIN-024	https://www.planalto.gov.br/ccivil_03/_ato2023-2026/2023/decreto/D11811.htm	html
0032	FIN-025|FIN2-022	https://www.planalto.gov.br/ccivil_03/_ato2023-2026/2024/decreto/D12120.htm	html
0033	FIN-026|FIN2-010	https://www.planalto.gov.br/ccivil_03/_ato2023-2026/2024/decreto/D12279.htm	html
0034	FIN-027|FIN2-011	https://www.planalto.gov.br/ccivil_03/_ato2023-2026/2025/decreto/D12448.htm	html
0035	FIN-028	https://www.planalto.gov.br/ccivil_03/_ato2023-2026/2025/decreto/D12763.htm	html
0036	FIN-029	https://www.planalto.gov.br/ccivil_03/leis/lcp/lcp177.htm	html
0037	FIN-030|NOR-011	https://www.planalto.gov.br/ccivil_03/_ato2019-2022/2022/mpv/mpv1136.htm	html
0038	FIN-031	https://dadosabertos.camara.leg.br/api/v2/proposicoes/2334478	json
0039	FIN-032|NOR-017	https://www.planalto.gov.br/ccivil_03/constituicao/emendas/emc/emc108.htm	html
0040	FIN-033	https://www.planalto.gov.br/ccivil_03/_ato2019-2022/2020/lei/l14113.htm	html
0041	FIN-034	https://www.gov.br/cnpq/pt-br/acesso-a-informacao/bolsas-e-auxilios/copy_of_modalidades/tabela-de-valores-no-pais	html
0042	FIN-035|RES-021	https://www.gov.br/cnpq/pt-br/acesso-a-informacao/auditorias/copy_of_RelatriodeGestode2019.pdf	pdf
0043	FIN-036|RES-018	https://www.gov.br/cnpq/pt-br/acesso-a-informacao/auditorias/copy_of_Relatorio_de_Gestao_CNPq_2020.pdf	pdf
0044	FIN-037|RES-018	https://www.gov.br/cnpq/pt-br/acesso-a-informacao/auditorias/Relatorio_de_Gestao_CNPq_2021_v2_COCOM.pdf	pdf
0045	FIN-038|RES-019	https://www.gov.br/cnpq/pt-br/acesso-a-informacao/auditorias/RELATORIOGESTAOvACS20230428.pdf	pdf
0046	FIN-039|RES-018	https://www.gov.br/cnpq/pt-br/acesso-a-informacao/auditorias/RG2023v3pubNaoDiagramado.pdf	pdf
0047	FIN-040|RES-021	https://www.gov.br/cnpq/pt-br/acesso-a-informacao/planejamento-e-governanca/RelatriodeGesto2024CNPq.pdf	pdf
0048	FIN-041|RES-018	https://www.gov.br/cnpq/pt-br/acesso-a-informacao/auditorias/copy_of_RG2025vfinal31032026semlogo.pdf	pdf
0049	FIN-042	https://www.gov.br/capes/pt-br/acesso-a-informacao/institucional/orcamento-evolucao-em-reais	html
0050	FIN-043	https://www.gov.br/capes/pt-br/centrais-de-conteudo/documentos/06032026_DadosparaoRelatriodeGesto2025.pdf/@@display-file/file	pdf
0051	FIN-044	https://www.gov.br/fnde/pt-br/acesso-a-informacao/acoes-e-programas/programas/pnae/consultas/pnae-dados-fisicos-e-financeiros-do-pnae	html
0052	FIN-045	https://www.gov.br/fnde/pt-br/acesso-a-informacao/acoes-e-programas/programas/programas-do-livro/pnld/dados-estatisticos	html
0053	FIN-046	https://www.gov.br/fnde/pt-br/acesso-a-informacao/legislacao/resolucoes/2020/resolucao-no-6-de-08-de-maio-de-2020/@@download/file	pdf
0054	FIN-047	https://www.gov.br/fnde/pt-br/acesso-a-informacao/legislacao/resolucoes/2023/resolucao-no-02-de-10-de-marco-de-2023.pdf	pdf
0055	FIN-048	https://www.gov.br/fnde/pt-br/acesso-a-informacao/acoes-e-programas/programas/pnae	html
0056	FIN-002	https://apidatalake.tesouro.gov.br/ords/siconfi/tt/dca?an_exercicio=2019&no_anexo=DCA-Anexo%20I-E&id_ente=1&offset=0&limit=250	json
0057	FIN-002	https://apidatalake.tesouro.gov.br/ords/siconfi/tt/dca?an_exercicio=2019&no_anexo=DCA-Anexo%20I-E&id_ente=1&offset=250&limit=250	json
0058	FIN-002	https://apidatalake.tesouro.gov.br/ords/siconfi/tt/dca?an_exercicio=2019&no_anexo=DCA-Anexo%20I-E&id_ente=1&offset=500&limit=250	json
0059	FIN-002	https://apidatalake.tesouro.gov.br/ords/siconfi/tt/dca?an_exercicio=2019&no_anexo=DCA-Anexo%20I-E&id_ente=1&offset=750&limit=250	json
0060	FIN-002	https://apidatalake.tesouro.gov.br/ords/siconfi/tt/dca?an_exercicio=2020&no_anexo=DCA-Anexo%20I-E&id_ente=1&offset=0&limit=250	json
0061	FIN-002	https://apidatalake.tesouro.gov.br/ords/siconfi/tt/dca?an_exercicio=2020&no_anexo=DCA-Anexo%20I-E&id_ente=1&offset=250&limit=250	json
0062	FIN-002	https://apidatalake.tesouro.gov.br/ords/siconfi/tt/dca?an_exercicio=2020&no_anexo=DCA-Anexo%20I-E&id_ente=1&offset=500&limit=250	json
0063	FIN-002	https://apidatalake.tesouro.gov.br/ords/siconfi/tt/dca?an_exercicio=2020&no_anexo=DCA-Anexo%20I-E&id_ente=1&offset=750&limit=250	json
0064	FIN-002	https://apidatalake.tesouro.gov.br/ords/siconfi/tt/dca?an_exercicio=2021&no_anexo=DCA-Anexo%20I-E&id_ente=1&offset=0&limit=250	json
0065	FIN-002	https://apidatalake.tesouro.gov.br/ords/siconfi/tt/dca?an_exercicio=2021&no_anexo=DCA-Anexo%20I-E&id_ente=1&offset=250&limit=250	json
0066	FIN-002	https://apidatalake.tesouro.gov.br/ords/siconfi/tt/dca?an_exercicio=2021&no_anexo=DCA-Anexo%20I-E&id_ente=1&offset=500&limit=250	json
0067	FIN-002	https://apidatalake.tesouro.gov.br/ords/siconfi/tt/dca?an_exercicio=2021&no_anexo=DCA-Anexo%20I-E&id_ente=1&offset=750&limit=250	json
0068	FIN-002	https://apidatalake.tesouro.gov.br/ords/siconfi/tt/dca?an_exercicio=2022&no_anexo=DCA-Anexo%20I-E&id_ente=1&offset=0&limit=250	json
0069	FIN-002	https://apidatalake.tesouro.gov.br/ords/siconfi/tt/dca?an_exercicio=2022&no_anexo=DCA-Anexo%20I-E&id_ente=1&offset=250&limit=250	json
0070	FIN-002	https://apidatalake.tesouro.gov.br/ords/siconfi/tt/dca?an_exercicio=2022&no_anexo=DCA-Anexo%20I-E&id_ente=1&offset=500&limit=250	json
0071	FIN-002	https://apidatalake.tesouro.gov.br/ords/siconfi/tt/dca?an_exercicio=2022&no_anexo=DCA-Anexo%20I-E&id_ente=1&offset=750&limit=250	json
0072	FIN-002	https://apidatalake.tesouro.gov.br/ords/siconfi/tt/dca?an_exercicio=2023&no_anexo=DCA-Anexo%20I-E&id_ente=1&offset=0&limit=250	json
0073	FIN-002	https://apidatalake.tesouro.gov.br/ords/siconfi/tt/dca?an_exercicio=2023&no_anexo=DCA-Anexo%20I-E&id_ente=1&offset=250&limit=250	json
0074	FIN-002	https://apidatalake.tesouro.gov.br/ords/siconfi/tt/dca?an_exercicio=2023&no_anexo=DCA-Anexo%20I-E&id_ente=1&offset=500&limit=250	json
0075	FIN-002	https://apidatalake.tesouro.gov.br/ords/siconfi/tt/dca?an_exercicio=2023&no_anexo=DCA-Anexo%20I-E&id_ente=1&offset=750&limit=250	json
0076	FIN-002	https://apidatalake.tesouro.gov.br/ords/siconfi/tt/dca?an_exercicio=2024&no_anexo=DCA-Anexo%20I-E&id_ente=1&offset=0&limit=250	json
0077	FIN-002	https://apidatalake.tesouro.gov.br/ords/siconfi/tt/dca?an_exercicio=2024&no_anexo=DCA-Anexo%20I-E&id_ente=1&offset=250&limit=250	json
0078	FIN-002	https://apidatalake.tesouro.gov.br/ords/siconfi/tt/dca?an_exercicio=2024&no_anexo=DCA-Anexo%20I-E&id_ente=1&offset=500&limit=250	json
0079	FIN-002	https://apidatalake.tesouro.gov.br/ords/siconfi/tt/dca?an_exercicio=2024&no_anexo=DCA-Anexo%20I-E&id_ente=1&offset=750&limit=250	json
0080	FIN-002	https://apidatalake.tesouro.gov.br/ords/siconfi/tt/dca?an_exercicio=2025&no_anexo=DCA-Anexo%20I-E&id_ente=1&offset=0&limit=250	json
0081	FIN-002	https://apidatalake.tesouro.gov.br/ords/siconfi/tt/dca?an_exercicio=2025&no_anexo=DCA-Anexo%20I-E&id_ente=1&offset=250&limit=250	json
0082	FIN-002	https://apidatalake.tesouro.gov.br/ords/siconfi/tt/dca?an_exercicio=2025&no_anexo=DCA-Anexo%20I-E&id_ente=1&offset=500&limit=250	json
0083	FIN-002	https://apidatalake.tesouro.gov.br/ords/siconfi/tt/dca?an_exercicio=2025&no_anexo=DCA-Anexo%20I-E&id_ente=1&offset=750&limit=250	json
0084	FIN-003	https://apidatalake.tesouro.gov.br/ords/siconfi/tt/rreo?an_exercicio=2019&nr_periodo=6&co_tipo_demonstrativo=RREO&no_anexo=RREO-Anexo%2002&id_ente=1&offset=0&limit=200	json
0085	FIN-003	https://apidatalake.tesouro.gov.br/ords/siconfi/tt/rreo?an_exercicio=2019&nr_periodo=6&co_tipo_demonstrativo=RREO&no_anexo=RREO-Anexo%2002&id_ente=1&offset=200&limit=200	json
0086	FIN-003	https://apidatalake.tesouro.gov.br/ords/siconfi/tt/rreo?an_exercicio=2019&nr_periodo=6&co_tipo_demonstrativo=RREO&no_anexo=RREO-Anexo%2002&id_ente=1&offset=400&limit=200	json
0087	FIN-003	https://apidatalake.tesouro.gov.br/ords/siconfi/tt/rreo?an_exercicio=2019&nr_periodo=6&co_tipo_demonstrativo=RREO&no_anexo=RREO-Anexo%2002&id_ente=1&offset=600&limit=200	json
0088	FIN-003	https://apidatalake.tesouro.gov.br/ords/siconfi/tt/rreo?an_exercicio=2019&nr_periodo=6&co_tipo_demonstrativo=RREO&no_anexo=RREO-Anexo%2002&id_ente=1&offset=800&limit=200	json
0089	FIN-003	https://apidatalake.tesouro.gov.br/ords/siconfi/tt/rreo?an_exercicio=2019&nr_periodo=6&co_tipo_demonstrativo=RREO&no_anexo=RREO-Anexo%2002&id_ente=1&offset=1000&limit=200	json
0090	FIN-003	https://apidatalake.tesouro.gov.br/ords/siconfi/tt/rreo?an_exercicio=2019&nr_periodo=6&co_tipo_demonstrativo=RREO&no_anexo=RREO-Anexo%2002&id_ente=1&offset=1200&limit=200	json
0091	FIN-003	https://apidatalake.tesouro.gov.br/ords/siconfi/tt/rreo?an_exercicio=2019&nr_periodo=6&co_tipo_demonstrativo=RREO&no_anexo=RREO-Anexo%2002&id_ente=1&offset=1400&limit=200	json
0092	FIN-003	https://apidatalake.tesouro.gov.br/ords/siconfi/tt/rreo?an_exercicio=2020&nr_periodo=6&co_tipo_demonstrativo=RREO&no_anexo=RREO-Anexo%2002&id_ente=1&offset=0&limit=200	json
0093	FIN-003	https://apidatalake.tesouro.gov.br/ords/siconfi/tt/rreo?an_exercicio=2020&nr_periodo=6&co_tipo_demonstrativo=RREO&no_anexo=RREO-Anexo%2002&id_ente=1&offset=200&limit=200	json
0094	FIN-003	https://apidatalake.tesouro.gov.br/ords/siconfi/tt/rreo?an_exercicio=2020&nr_periodo=6&co_tipo_demonstrativo=RREO&no_anexo=RREO-Anexo%2002&id_ente=1&offset=400&limit=200	json
0095	FIN-003	https://apidatalake.tesouro.gov.br/ords/siconfi/tt/rreo?an_exercicio=2020&nr_periodo=6&co_tipo_demonstrativo=RREO&no_anexo=RREO-Anexo%2002&id_ente=1&offset=600&limit=200	json
0096	FIN-003	https://apidatalake.tesouro.gov.br/ords/siconfi/tt/rreo?an_exercicio=2020&nr_periodo=6&co_tipo_demonstrativo=RREO&no_anexo=RREO-Anexo%2002&id_ente=1&offset=800&limit=200	json
0097	FIN-003	https://apidatalake.tesouro.gov.br/ords/siconfi/tt/rreo?an_exercicio=2020&nr_periodo=6&co_tipo_demonstrativo=RREO&no_anexo=RREO-Anexo%2002&id_ente=1&offset=1000&limit=200	json
0098	FIN-003	https://apidatalake.tesouro.gov.br/ords/siconfi/tt/rreo?an_exercicio=2020&nr_periodo=6&co_tipo_demonstrativo=RREO&no_anexo=RREO-Anexo%2002&id_ente=1&offset=1200&limit=200	json
0099	FIN-003	https://apidatalake.tesouro.gov.br/ords/siconfi/tt/rreo?an_exercicio=2020&nr_periodo=6&co_tipo_demonstrativo=RREO&no_anexo=RREO-Anexo%2002&id_ente=1&offset=1400&limit=200	json
0100	FIN-003	https://apidatalake.tesouro.gov.br/ords/siconfi/tt/rreo?an_exercicio=2021&nr_periodo=6&co_tipo_demonstrativo=RREO&no_anexo=RREO-Anexo%2002&id_ente=1&offset=0&limit=200	json
0101	FIN-003	https://apidatalake.tesouro.gov.br/ords/siconfi/tt/rreo?an_exercicio=2021&nr_periodo=6&co_tipo_demonstrativo=RREO&no_anexo=RREO-Anexo%2002&id_ente=1&offset=200&limit=200	json
0102	FIN-003	https://apidatalake.tesouro.gov.br/ords/siconfi/tt/rreo?an_exercicio=2021&nr_periodo=6&co_tipo_demonstrativo=RREO&no_anexo=RREO-Anexo%2002&id_ente=1&offset=400&limit=200	json
0103	FIN-003	https://apidatalake.tesouro.gov.br/ords/siconfi/tt/rreo?an_exercicio=2021&nr_periodo=6&co_tipo_demonstrativo=RREO&no_anexo=RREO-Anexo%2002&id_ente=1&offset=600&limit=200	json
0104	FIN-003	https://apidatalake.tesouro.gov.br/ords/siconfi/tt/rreo?an_exercicio=2021&nr_periodo=6&co_tipo_demonstrativo=RREO&no_anexo=RREO-Anexo%2002&id_ente=1&offset=800&limit=200	json
0105	FIN-003	https://apidatalake.tesouro.gov.br/ords/siconfi/tt/rreo?an_exercicio=2021&nr_periodo=6&co_tipo_demonstrativo=RREO&no_anexo=RREO-Anexo%2002&id_ente=1&offset=1000&limit=200	json
0106	FIN-003	https://apidatalake.tesouro.gov.br/ords/siconfi/tt/rreo?an_exercicio=2021&nr_periodo=6&co_tipo_demonstrativo=RREO&no_anexo=RREO-Anexo%2002&id_ente=1&offset=1200&limit=200	json
0107	FIN-003	https://apidatalake.tesouro.gov.br/ords/siconfi/tt/rreo?an_exercicio=2021&nr_periodo=6&co_tipo_demonstrativo=RREO&no_anexo=RREO-Anexo%2002&id_ente=1&offset=1400&limit=200	json
0108	FIN-003	https://apidatalake.tesouro.gov.br/ords/siconfi/tt/rreo?an_exercicio=2022&nr_periodo=6&co_tipo_demonstrativo=RREO&no_anexo=RREO-Anexo%2002&id_ente=1&offset=0&limit=200	json
0109	FIN-003	https://apidatalake.tesouro.gov.br/ords/siconfi/tt/rreo?an_exercicio=2022&nr_periodo=6&co_tipo_demonstrativo=RREO&no_anexo=RREO-Anexo%2002&id_ente=1&offset=200&limit=200	json
0110	FIN-003	https://apidatalake.tesouro.gov.br/ords/siconfi/tt/rreo?an_exercicio=2022&nr_periodo=6&co_tipo_demonstrativo=RREO&no_anexo=RREO-Anexo%2002&id_ente=1&offset=400&limit=200	json
0111	FIN-003	https://apidatalake.tesouro.gov.br/ords/siconfi/tt/rreo?an_exercicio=2022&nr_periodo=6&co_tipo_demonstrativo=RREO&no_anexo=RREO-Anexo%2002&id_ente=1&offset=600&limit=200	json
0112	FIN-003	https://apidatalake.tesouro.gov.br/ords/siconfi/tt/rreo?an_exercicio=2022&nr_periodo=6&co_tipo_demonstrativo=RREO&no_anexo=RREO-Anexo%2002&id_ente=1&offset=800&limit=200	json
0113	FIN-003	https://apidatalake.tesouro.gov.br/ords/siconfi/tt/rreo?an_exercicio=2022&nr_periodo=6&co_tipo_demonstrativo=RREO&no_anexo=RREO-Anexo%2002&id_ente=1&offset=1000&limit=200	json
0114	FIN-003	https://apidatalake.tesouro.gov.br/ords/siconfi/tt/rreo?an_exercicio=2022&nr_periodo=6&co_tipo_demonstrativo=RREO&no_anexo=RREO-Anexo%2002&id_ente=1&offset=1200&limit=200	json
0115	FIN-003	https://apidatalake.tesouro.gov.br/ords/siconfi/tt/rreo?an_exercicio=2022&nr_periodo=6&co_tipo_demonstrativo=RREO&no_anexo=RREO-Anexo%2002&id_ente=1&offset=1400&limit=200	json
0116	FIN-003	https://apidatalake.tesouro.gov.br/ords/siconfi/tt/rreo?an_exercicio=2023&nr_periodo=6&co_tipo_demonstrativo=RREO&no_anexo=RREO-Anexo%2002&id_ente=1&offset=0&limit=200	json
0117	FIN-003	https://apidatalake.tesouro.gov.br/ords/siconfi/tt/rreo?an_exercicio=2023&nr_periodo=6&co_tipo_demonstrativo=RREO&no_anexo=RREO-Anexo%2002&id_ente=1&offset=200&limit=200	json
0118	FIN-003	https://apidatalake.tesouro.gov.br/ords/siconfi/tt/rreo?an_exercicio=2023&nr_periodo=6&co_tipo_demonstrativo=RREO&no_anexo=RREO-Anexo%2002&id_ente=1&offset=400&limit=200	json
0119	FIN-003	https://apidatalake.tesouro.gov.br/ords/siconfi/tt/rreo?an_exercicio=2023&nr_periodo=6&co_tipo_demonstrativo=RREO&no_anexo=RREO-Anexo%2002&id_ente=1&offset=600&limit=200	json
0120	FIN-003	https://apidatalake.tesouro.gov.br/ords/siconfi/tt/rreo?an_exercicio=2023&nr_periodo=6&co_tipo_demonstrativo=RREO&no_anexo=RREO-Anexo%2002&id_ente=1&offset=800&limit=200	json
0121	FIN-003	https://apidatalake.tesouro.gov.br/ords/siconfi/tt/rreo?an_exercicio=2023&nr_periodo=6&co_tipo_demonstrativo=RREO&no_anexo=RREO-Anexo%2002&id_ente=1&offset=1000&limit=200	json
0122	FIN-003	https://apidatalake.tesouro.gov.br/ords/siconfi/tt/rreo?an_exercicio=2023&nr_periodo=6&co_tipo_demonstrativo=RREO&no_anexo=RREO-Anexo%2002&id_ente=1&offset=1200&limit=200	json
0123	FIN-003	https://apidatalake.tesouro.gov.br/ords/siconfi/tt/rreo?an_exercicio=2023&nr_periodo=6&co_tipo_demonstrativo=RREO&no_anexo=RREO-Anexo%2002&id_ente=1&offset=1400&limit=200	json
0124	FIN-003	https://apidatalake.tesouro.gov.br/ords/siconfi/tt/rreo?an_exercicio=2024&nr_periodo=6&co_tipo_demonstrativo=RREO&no_anexo=RREO-Anexo%2002&id_ente=1&offset=0&limit=200	json
0125	FIN-003	https://apidatalake.tesouro.gov.br/ords/siconfi/tt/rreo?an_exercicio=2024&nr_periodo=6&co_tipo_demonstrativo=RREO&no_anexo=RREO-Anexo%2002&id_ente=1&offset=200&limit=200	json
0126	FIN-003	https://apidatalake.tesouro.gov.br/ords/siconfi/tt/rreo?an_exercicio=2024&nr_periodo=6&co_tipo_demonstrativo=RREO&no_anexo=RREO-Anexo%2002&id_ente=1&offset=400&limit=200	json
0127	FIN-003	https://apidatalake.tesouro.gov.br/ords/siconfi/tt/rreo?an_exercicio=2024&nr_periodo=6&co_tipo_demonstrativo=RREO&no_anexo=RREO-Anexo%2002&id_ente=1&offset=600&limit=200	json
0128	FIN-003	https://apidatalake.tesouro.gov.br/ords/siconfi/tt/rreo?an_exercicio=2024&nr_periodo=6&co_tipo_demonstrativo=RREO&no_anexo=RREO-Anexo%2002&id_ente=1&offset=800&limit=200	json
0129	FIN-003	https://apidatalake.tesouro.gov.br/ords/siconfi/tt/rreo?an_exercicio=2024&nr_periodo=6&co_tipo_demonstrativo=RREO&no_anexo=RREO-Anexo%2002&id_ente=1&offset=1000&limit=200	json
0130	FIN-003	https://apidatalake.tesouro.gov.br/ords/siconfi/tt/rreo?an_exercicio=2024&nr_periodo=6&co_tipo_demonstrativo=RREO&no_anexo=RREO-Anexo%2002&id_ente=1&offset=1200&limit=200	json
0131	FIN-003	https://apidatalake.tesouro.gov.br/ords/siconfi/tt/rreo?an_exercicio=2024&nr_periodo=6&co_tipo_demonstrativo=RREO&no_anexo=RREO-Anexo%2002&id_ente=1&offset=1400&limit=200	json
0132	FIN-003	https://apidatalake.tesouro.gov.br/ords/siconfi/tt/rreo?an_exercicio=2025&nr_periodo=6&co_tipo_demonstrativo=RREO&no_anexo=RREO-Anexo%2002&id_ente=1&offset=0&limit=200	json
0133	FIN-003	https://apidatalake.tesouro.gov.br/ords/siconfi/tt/rreo?an_exercicio=2025&nr_periodo=6&co_tipo_demonstrativo=RREO&no_anexo=RREO-Anexo%2002&id_ente=1&offset=200&limit=200	json
0134	FIN-003	https://apidatalake.tesouro.gov.br/ords/siconfi/tt/rreo?an_exercicio=2025&nr_periodo=6&co_tipo_demonstrativo=RREO&no_anexo=RREO-Anexo%2002&id_ente=1&offset=400&limit=200	json
0135	FIN-003	https://apidatalake.tesouro.gov.br/ords/siconfi/tt/rreo?an_exercicio=2025&nr_periodo=6&co_tipo_demonstrativo=RREO&no_anexo=RREO-Anexo%2002&id_ente=1&offset=600&limit=200	json
0136	FIN-003	https://apidatalake.tesouro.gov.br/ords/siconfi/tt/rreo?an_exercicio=2025&nr_periodo=6&co_tipo_demonstrativo=RREO&no_anexo=RREO-Anexo%2002&id_ente=1&offset=800&limit=200	json
0137	FIN-003	https://apidatalake.tesouro.gov.br/ords/siconfi/tt/rreo?an_exercicio=2025&nr_periodo=6&co_tipo_demonstrativo=RREO&no_anexo=RREO-Anexo%2002&id_ente=1&offset=1000&limit=200	json
0138	FIN-003	https://apidatalake.tesouro.gov.br/ords/siconfi/tt/rreo?an_exercicio=2025&nr_periodo=6&co_tipo_demonstrativo=RREO&no_anexo=RREO-Anexo%2002&id_ente=1&offset=1200&limit=200	json
0139	FIN-003	https://apidatalake.tesouro.gov.br/ords/siconfi/tt/rreo?an_exercicio=2025&nr_periodo=6&co_tipo_demonstrativo=RREO&no_anexo=RREO-Anexo%2002&id_ente=1&offset=1400&limit=200	json
0140	FIN-003	https://apidatalake.tesouro.gov.br/ords/siconfi/tt/rreo?an_exercicio=2026&nr_periodo=4&co_tipo_demonstrativo=RREO&no_anexo=RREO-Anexo%2002&id_ente=1&offset=0&limit=200	json
0141	FIN-003	https://apidatalake.tesouro.gov.br/ords/siconfi/tt/rreo?an_exercicio=2026&nr_periodo=4&co_tipo_demonstrativo=RREO&no_anexo=RREO-Anexo%2002&id_ente=1&offset=200&limit=200	json
0142	FIN-003	https://apidatalake.tesouro.gov.br/ords/siconfi/tt/rreo?an_exercicio=2026&nr_periodo=4&co_tipo_demonstrativo=RREO&no_anexo=RREO-Anexo%2002&id_ente=1&offset=400&limit=200	json
0143	FIN-003	https://apidatalake.tesouro.gov.br/ords/siconfi/tt/rreo?an_exercicio=2026&nr_periodo=4&co_tipo_demonstrativo=RREO&no_anexo=RREO-Anexo%2002&id_ente=1&offset=600&limit=200	json
0144	FIN-003	https://apidatalake.tesouro.gov.br/ords/siconfi/tt/rreo?an_exercicio=2026&nr_periodo=4&co_tipo_demonstrativo=RREO&no_anexo=RREO-Anexo%2002&id_ente=1&offset=800&limit=200	json
0145	FIN-003	https://apidatalake.tesouro.gov.br/ords/siconfi/tt/rreo?an_exercicio=2026&nr_periodo=4&co_tipo_demonstrativo=RREO&no_anexo=RREO-Anexo%2002&id_ente=1&offset=1000&limit=200	json
0146	FIN-003	https://apidatalake.tesouro.gov.br/ords/siconfi/tt/rreo?an_exercicio=2026&nr_periodo=4&co_tipo_demonstrativo=RREO&no_anexo=RREO-Anexo%2002&id_ente=1&offset=1200&limit=200	json
0147	FIN-003	https://apidatalake.tesouro.gov.br/ords/siconfi/tt/rreo?an_exercicio=2026&nr_periodo=4&co_tipo_demonstrativo=RREO&no_anexo=RREO-Anexo%2002&id_ente=1&offset=1400&limit=200	json
0148	FIN-004|FIN3-017	https://thot-arquivos.tesouro.gov.br/publicacao-anexo/7114	xlsx
0149	FIN-005	https://thot-arquivos.tesouro.gov.br/publicacao-anexo/11542	xlsx
0150	FIN-006	https://thot-arquivos.tesouro.gov.br/publicacao-anexo/15409	xlsx
0151	FIN-007	https://thot-arquivos.tesouro.gov.br/publicacao-anexo/19092	xlsx
0152	FIN-008	https://thot-arquivos.tesouro.gov.br/publicacao-anexo/22121	xlsx
0153	FIN-009	https://thot-arquivos.tesouro.gov.br/publicacao-anexo/24522	xlsx
0154	FIN-010	https://thot-arquivos.tesouro.gov.br/publicacao-anexo/27550	xlsx
0155	FIN-011	https://thot-arquivos.tesouro.gov.br/publicacao-anexo/29326	xlsx
0156	FIN-011	https://www.tesourotransparente.gov.br/ckan/dataset/ab56485b-9c40-4efb-8563-9ce3e1973c4b/resource/527ccdb1-3059-42f3-bf23-b5e3ab4c6dc6/download/seriehistoricajul26.xlsx	xlsx
0157	FIN-002	https://www.tesourotransparente.gov.br/ckan/dataset/bcd753b8-e79d-4964-a565-977d23bada0d/resource/1043f379-e7fb-4c18-be52-345b8672ccfb/download/despesauniao.xlsx	xlsx
0158	FIN-034	http://memoria2.cnpq.br/web/guest/view/-/journal_content/56_INSTANCE_0oED/10157/21396963?COMPANY_ID=10132	html
0159	FIN-034	http://memoria2.cnpq.br/web/guest/view/-/journal_content/56_INSTANCE_0oED/10157/21271212?COMPANY_ID=10132	html
0160	FIN-045	https://www.gov.br/fnde/pt-br/acesso-a-informacao/acoes-e-programas/programas/programas-do-livro/pnld/dados-estatisticos-1/2025/DadosestatisticosporUF_2024_2025.xlsx	xlsx
0161	FIN-045	https://www.gov.br/fnde/pt-br/acesso-a-informacao/acoes-e-programas/programas/programas-do-livro/pnld/dados-estatisticos-1/DADOSESTATISTICOSPORUF_2024.xlsx	xlsx
0162	FIN-045	https://www.gov.br/fnde/pt-br/acesso-a-informacao/acoes-e-programas/programas/programas-do-livro/pnld/dados-estatisticos-1/copy_of_RESUMODISTRIBUIOPNLD2023GERAL.xlsx	xlsx
0163	FIN-045	https://www.gov.br/fnde/pt-br/acesso-a-informacao/acoes-e-programas/programas/programas-do-livro/pnld/dados-estatisticos-1/QTDEDOPNLD2022TODASETAPAS.xlsx	xlsx
0164	FIN-045	https://www.gov.br/fnde/pt-br/acesso-a-informacao/acoes-e-programas/programas/programas-do-livro/pnld/DADOSDISTRIBUIO2020PORUF_.xlsx	xlsx
0165	FIN-045	https://www.gov.br/fnde/pt-br/acesso-a-informacao/acoes-e-programas/programas/programas-do-livro/pnld/DADOSDISTRIBUIO2019PORUF_V5_.xlsx	xlsx
0166	FIN-023|FIN2-005	https://www.planalto.gov.br/ccivil_03/_ato2023-2026/2023/decreto/D11538.htm	html
0167	FIN-012|FIN2-021	https://www.planalto.gov.br/ccivil_03/_ato2019-2022/2019/decreto/D9711.htm	html
0168	FIN-019|FIN2-020	https://www.planalto.gov.br/ccivil_03/_ato2019-2022/2022/decreto/D10961.htm	html
0169	FIN-025|FIN2-007	https://www.planalto.gov.br/ccivil_03/_ato2023-2026/2024/decreto/D11927.htm	html
0170	FIN-027|FIN2-012	https://www.planalto.gov.br/ccivil_03/_ato2023-2026/2025/decreto/D12477.htm	html
0171	FIN-040	https://www.gov.br/cnpq/pt-br/acesso-a-informacao/auditorias/ParecerAUD.pdf	pdf
0172	FIN-041	https://www.gov.br/cnpq/pt-br/acesso-a-informacao/auditorias/AnexovFinal31032026.pdf	pdf
0173	FIN2-001	https://www.planalto.gov.br/ccivil_03/_ato2019-2022/2020/decreto/D10249.htm	html
0174	FIN2-002	https://www.planalto.gov.br/ccivil_03/_ato2019-2022/2020/decreto/Anexo/D10249anexo01a06.htm	html
0175	FIN2-003	https://www.planalto.gov.br/ccivil_03/_ato2019-2022/2020/decreto/D10556.htm	html
0176	FIN2-008	https://www.planalto.gov.br/ccivil_03/_ato2023-2026/2024/decreto/Anexo/D11927-AnexoI%20a%20IX.htm	html
0177	FIN2-009	https://www.planalto.gov.br/ccivil_03/_ato2023-2026/2024/decreto/Anexo/D11927-AnexoX%20a%20XXI.htm	html
0178	FIN2-013	https://www.planalto.gov.br/ccivil_03/_ato2023-2026/2025/decreto/D12566.htm	html
0179	FIN2-014	https://www.planalto.gov.br/ccivil_03/_ato2023-2026/2026/decreto/D12846.htm	html
0180	FIN2-015	https://www.planalto.gov.br/ccivil_03/_ato2023-2026/2026/decreto/D12914.htm	html
0181	FIN2-016	https://www.planalto.gov.br/ccivil_03/_ato2023-2026/2026/decreto/D12990.htm	html
0182	FIN2-017	https://www.planalto.gov.br/ccivil_03/_ato2023-2026/2026/decreto/D13085.htm	html
0183	FIN2-018	https://www.planalto.gov.br/ccivil_03/_ato2023-2026/2026/decreto/D13130.htm	html
0184	FIN2-023	https://www.gov.br/planejamento/pt-br/assuntos/orcamento/orcamentos-anuais/2026	html
0185	FIN2-002	https://www.planalto.gov.br/ccivil_03/_ato2019-2022/2020/decreto/Anexo/D10249anexo07a12.htm	html
0186	FIN2-002	https://www.planalto.gov.br/ccivil_03/_ato2019-2022/2020/decreto/Anexo/D10249anexo13a19.htm	html
0187	FIN2-002	https://www.planalto.gov.br/ccivil_03/_ato2019-2022/2020/decreto/Anexo/D10249anexo20a25.htm	html
0188	FIN2-NL1	https://www.planalto.gov.br/ccivil_03/_ato2019-2022/2020/decreto/D10295.htm	html
0189	FIN2-NL2	https://www.planalto.gov.br/ccivil_03/_ato2019-2022/2020/decreto/D10324.htm	html
0190	FIN2-NL3	https://www.planalto.gov.br/ccivil_03/_ato2019-2022/2020/decreto/D10385.htm	html
0191	FIN2-NL4	https://www.planalto.gov.br/ccivil_03/_ato2019-2022/2020/decreto/D10444.htm	html
0192	FIN2-NL5	https://www.planalto.gov.br/ccivil_03/_ato2019-2022/2020/decreto/D10500.htm	html
0193	FIN2-021	https://www.planalto.gov.br/ccivil_03/_ato2019-2022/2019/decreto/Anexo/AnexoI%20a%20IXd9711.htm	html
0194	FIN2-021	https://www.planalto.gov.br/ccivil_03/_ato2019-2022/2019/Ret/DEC9711-ret.pdf	pdf
0195	FIN2-NL6	https://www.planalto.gov.br/ccivil_03/_ato2023-2026/2024/decreto/D11969.htm	html
0196	FIN2-NL7	https://www.planalto.gov.br/ccivil_03/_ato2023-2026/2024/decreto/D12014.htm	html
0197	FIN2-NL8	https://www.planalto.gov.br/ccivil_03/_ato2023-2026/2024/decreto/D12204.htm	html
0198	FIN2-NL9	https://www.planalto.gov.br/ccivil_03/_ato2023-2026/2023/decreto/D11621.htm	html
0199	FIN3-001	https://www1.siop.planejamento.gov.br/sparql/?query=SELECT+?g+?e+?d+WHERE{GRAPH+?g{?e+loa:dataUltimaAtualizacao+?d}}&format=text/csv	csv
0200	FIN3-002	https://www1.siop.planejamento.gov.br/sparql/?query=SELECT+?a+SUM(?e)+WHERE{?i+loa:temAcao+?a%3Bloa:valorDotacaoInicial+?e.?a+loa:codigo+"20RK"}&format=csv	csv
0201	FIN3-002	https://www1.siop.planejamento.gov.br/sparql/?query=SELECT+?a+SUM(?e)+WHERE{?i+loa:temAcao+?a%3Bloa:valorLeiMaisCredito+?e.?a+loa:codigo+"20RK"}&format=csv	csv
0202	FIN3-002	https://www1.siop.planejamento.gov.br/sparql/?query=SELECT+?a+SUM(?e)+WHERE{?i+loa:temAcao+?a%3Bloa:valorEmpenhado+?e.?a+loa:codigo+"20RK"}&format=csv	csv
0203	FIN3-002	https://www1.siop.planejamento.gov.br/sparql/?query=SELECT+?a+SUM(?e)+WHERE{?i+loa:temAcao+?a%3Bloa:valorPago+?e.?a+loa:codigo+"20RK"}&format=csv	csv
0204	FIN3-003	https://www1.siop.planejamento.gov.br/sparql/?query=SELECT+?a+SUM(?e)+WHERE{?i+loa:temAcao+?a%3Bloa:valorLeiMaisCredito+?e.?a+loa:codigo+"4002"}&format=csv	csv
0205	FIN3-003	https://www1.siop.planejamento.gov.br/sparql/?query=SELECT+?a+SUM(?e)+WHERE{?i+loa:temAcao+?a%3Bloa:valorEmpenhado+?e.?a+loa:codigo+"4002"}&format=csv	csv
0206	FIN3-003	https://www1.siop.planejamento.gov.br/sparql/?query=SELECT+?a+SUM(?e)+WHERE{?i+loa:temAcao+?a%3Bloa:valorPago+?e.?a+loa:codigo+"4002"}&format=csv	csv
0207	FIN3-004	https://www1.siop.planejamento.gov.br/sparql/?query=SELECT+?a+SUM(?e)+WHERE{?i+loa:temAcao+?a%3Bloa:valorEmpenhado+?e.?a+loa:codigo+"8282"}&format=csv	csv
0208	FIN3-004	https://www1.siop.planejamento.gov.br/sparql/?query=SELECT+?a+SUM(?e)+WHERE{?i+loa:temAcao+?a%3Bloa:valorPago+?e.?a+loa:codigo+"8282"}&format=csv	csv
0209	FIN3-005	https://www1.siop.planejamento.gov.br/sparql/?query=SELECT+?a+SUM(?e)+WHERE{?i+loa:temAcao+?a%3Bloa:valorDotacaoInicial+?e.?a+loa:codigo+"20RL"}&format=csv	csv
0210	FIN3-005	https://www1.siop.planejamento.gov.br/sparql/?query=SELECT+?a+SUM(?e)+WHERE{?i+loa:temAcao+?a%3Bloa:valorLeiMaisCredito+?e.?a+loa:codigo+"20RL"}&format=csv	csv
0211	FIN3-005	https://www1.siop.planejamento.gov.br/sparql/?query=SELECT+?a+SUM(?e)+WHERE{?i+loa:temAcao+?a%3Bloa:valorEmpenhado+?e.?a+loa:codigo+"20RL"}&format=csv	csv
0212	FIN3-005	https://www1.siop.planejamento.gov.br/sparql/?query=SELECT+?a+SUM(?e)+WHERE{?i+loa:temAcao+?a%3Bloa:valorPago+?e.?a+loa:codigo+"20RL"}&format=csv	csv
0213	FIN3-006	https://www1.siop.planejamento.gov.br/sparql/?query=SELECT+?a+SUM(?e)+WHERE{?i+loa:temAcao+?a%3Bloa:valorLeiMaisCredito+?e.?a+loa:codigo+"2994"}&format=csv	csv
0214	FIN3-006	https://www1.siop.planejamento.gov.br/sparql/?query=SELECT+?a+SUM(?e)+WHERE{?i+loa:temAcao+?a%3Bloa:valorEmpenhado+?e.?a+loa:codigo+"2994"}&format=csv	csv
0215	FIN3-006	https://www1.siop.planejamento.gov.br/sparql/?query=SELECT+?a+SUM(?e)+WHERE{?i+loa:temAcao+?a%3Bloa:valorPago+?e.?a+loa:codigo+"2994"}&format=csv	csv
0216	FIN3-007	https://www1.siop.planejamento.gov.br/sparql/?query=SELECT+?a+SUM(?e)+WHERE{?i+loa:temAcao+?a%3Bloa:valorEmpenhado+?e.?a+loa:codigo+"20RG"}&format=csv	csv
0217	FIN3-007	https://www1.siop.planejamento.gov.br/sparql/?query=SELECT+?a+SUM(?e)+WHERE{?i+loa:temAcao+?a%3Bloa:valorPago+?e.?a+loa:codigo+"20RG"}&format=csv	csv
0218	FIN3-009	https://www1.siop.planejamento.gov.br/sparql/?query=SELECT+?a+SUM(?e)+WHERE{?i+loa:temAcao+?a%3Bloa:valorEmpenhado+?e.?a+loa:codigo+"0487"}&format=csv	csv
0219	FIN3-009	https://www1.siop.planejamento.gov.br/sparql/?query=SELECT+?a+SUM(?e)+WHERE{?i+loa:temAcao+?a%3Bloa:valorPago+?e.?a+loa:codigo+"0487"}&format=csv	csv
0220	FIN3-010	https://www1.siop.planejamento.gov.br/sparql/?query=SELECT+?a+SUM(?e)+WHERE{?i+loa:temAcao+?a%3Bloa:valorEmpenhado+?e.?a+loa:codigo+"00LV"}&format=csv	csv
0221	FIN3-010	https://www1.siop.planejamento.gov.br/sparql/?query=SELECT+?a+SUM(?e)+WHERE{?i+loa:temAcao+?a%3Bloa:valorPago+?e.?a+loa:codigo+"00LV"}&format=csv	csv
0222	FIN3-008	https://www1.siop.planejamento.gov.br/sparql/?query=SELECT+?u+SUM(?p)+WHERE{?i+loa:temUnidadeOrcamentaria+?u%3Bloa:valorPago+?p.?u+loa:codigo+"24901"}&format=csv	csv
0223	FIN3-011	https://www1.siop.planejamento.gov.br/sparql/?query=SELECT+?f+SUM(?e)+WHERE{?i+loa:temFuncao+?f%3Bloa:valorEmpenhado+?e.?f+loa:codigo+"12"}&format=csv	csv
0224	FIN3-012	https://www.gov.br/planejamento/pt-br/assuntos/orcamento/repositorio-de-arquivos-legislacao-eleitoral/mensagem-presidencial-ploa-2024-ok.pdf/@@display-file/file	pdf
0225	FIN3-013	https://www.gov.br/planejamento/pt-br/assuntos/orcamento/orcamentos-anuais/2023/ploa/Mensagem_Presidencial_2023.pdf/@@display-file/file	pdf
0226	FIN3-014	https://www.gov.br/planejamento/pt-br/assuntos/orcamento/repositorio-de-arquivos-legislacao-eleitoral/mensagem-presidencial-ploa-2025-ok.pdf/@@display-file/file	pdf
0227	FIN3-015	https://www.gov.br/planejamento/pt-br/assuntos/orcamento/orcamentos-anuais/2026/ploa/mensagem-presidencial-ploa-2026.pdf/@@display-file/file	pdf
0228	FIN3-016	https://www.gov.br/planejamento/pt-br/assuntos/orcamento/orcamentos-anuais/2022/ploa/MENSAGEMPRESIDENCIALPLOA20221.pdf/@@display-file/file	pdf
0229	FIN3-015	https://www.gov.br/planejamento/pt-br/assuntos/orcamento/repositorio-de-arquivos-legislacao-eleitoral/ocploadefeso.pdf/@@display-file/file	pdf
0230	FIN3-014	https://www.gov.br/planejamento/pt-br/assuntos/orcamento/repositorio-de-arquivos-legislacao-eleitoral/orcamento-cidadao-ploa-2025-ok.pdf/@@display-file/file	pdf
0231	FIN3-013	https://www.gov.br/planejamento/pt-br/assuntos/orcamento/orcamentos-anuais/2023/ploa/Orcamento_Cidadao_2023.pdf/@@display-file/file	pdf
0232	FIN3-016	https://www.gov.br/planejamento/pt-br/assuntos/orcamento/orcamentos-anuais/2022/ploa/OrcamentoCidadao11.pdf/@@display-file/file	pdf
0233	FIN3-017	https://thot-arquivos.tesouro.gov.br/publicacao-anexo/28618	pdf
0234	FIN3-018	https://www.gov.br/cgu/pt-br/assuntos/auditoria-e-fiscalizacao/avaliacao-da-gestao-dos-administradores/prestacao-de-contas-do-presidente-da-republica/arquivos/2026/pcpr2025.pdf	pdf
0235	FLA-001	https://www25.senado.leg.br/web/senadores/senador/-/perfil/5894	html
0236	FLA-002	https://legis.senado.leg.br/dadosabertos/senador/5894/mandatos	html
0237	FLA-003	https://legis.senado.leg.br/dadosabertos/senador/5894/comissoes	html
0238	FLA-003	https://legis.senado.leg.br/dadosabertos/senador/5894/relatorias	html
0239	FLA-004	https://www.alerj.rj.gov.br/Deputados/PerfilDeputado/275?Legislatura=18	html
0240	FLA-005	http://alerjln1.alerj.rj.gov.br/scpro1115.nsf/flaviobolsonaroint?openform&expandview	html
0241	FLA-005	http://alerjln1.alerj.rj.gov.br/scpro0711.nsf/flaviobolsonaroint?openform&expandview	html
0242	FLA-005	http://alerjln1.alerj.rj.gov.br/scpro1519.nsf/flaviobolsonaroint?openform&expandview	html
0243	FLA-005|FLA2-011	http://alerjln1.alerj.rj.gov.br/scpro0307.nsf/flaviobolsonaroint?openform&expandview	html
0244	FLA-005	http://alerjln1.alerj.rj.gov.br/contlei.nsf/deputadosint?OpenForm&ExpandView	html
0245	FLA-006	https://legis.senado.leg.br/dadosabertos/votacao?codigoMateria=143611	html
0246	FLA-006	https://www25.senado.leg.br/web/atividade/materias/-/materia/143611/votacoes	html
0247	FLA-007	https://legis.senado.leg.br/diarios/BuscaPaginasDiario?codDiario=104751&download=true	pdf
0248	FLA-008	https://www25.senado.leg.br/web/atividade/materias/-/materia/148543	html
0249	FLA-008	https://legis.senado.leg.br/dadosabertos/votacao?codigoMateria=148543	html
0250	FLA-009	https://legis.senado.leg.br/diarios/BuscaPaginasDiario?codDiario=107890&download=true	pdf
0251	FLA-010	https://legis.senado.leg.br/diarios/BuscaPaginasDiario?codDiario=107990&download=true	pdf
0252	FLA-011	https://www25.senado.leg.br/web/atividade/materias/-/materia/150731/votacoes	html
0253	FLA-011	https://legis.senado.leg.br/dadosabertos/votacao?codigoMateria=150731	html
0254	FLA-012	https://legis.senado.leg.br/diarios/BuscaPaginasDiario?codDiario=108930&download=true	pdf
0255	FLA-013	https://www.planalto.gov.br/ccivil_03/constituicao/emendas/emc/emc114.htm	html
0256	FLA-014	https://www25.senado.leg.br/web/atividade/materias/-/materia/146109	html
0257	FLA-015	https://www.congressonacional.leg.br/materias/vetos/-/veto/detalhe/14045/1	html
0258	FLA-015	https://legis.senado.leg.br/sdleg-getter/documento?dm=8976100&disposition=inline	pdf
0259	FLA-015	https://legis.senado.leg.br/sdleg-getter/documento?dm=8976024&disposition=inline	pdf
0260	FLA-016	https://legis.senado.leg.br/diarios/BuscaPaginasDiario?codDiario=106810&download=true	pdf
0261	FLA-017	https://www25.senado.leg.br/web/atividade/materias/-/materia/145887	html
0262	FLA-018	https://legis.senado.leg.br/diarios/BuscaPaginasDiario?codDiario=104570&download=true	pdf
0263	FLA-018	https://legis.senado.leg.br/dadosabertos/votacao?codigoParlamentar=5894&dataInicio=2020-08-13&dataFim=2020-08-13	html
0264	FLA-019	https://legis.senado.leg.br/diarios/BuscaPaginasDiario?codDiario=103724&download=true	pdf
0265	FLA-020	https://legis.senado.leg.br/diarios/BuscaPaginasDiario?codDiario=103785&download=true	pdf
0266	FLA-021	https://legis.senado.leg.br/diarios/BuscaPaginasDiario?codDiario=104791&download=true	pdf
0267	FLA-022	https://legis.senado.leg.br/diarios/BuscaPaginasDiario?codDiario=104830&download=true	pdf
0268	FLA-023	https://legis.senado.leg.br/diarios/BuscaPaginasDiario?codDiario=106611&download=true	pdf
0269	FLA-024	https://legis.senado.leg.br/diarios/BuscaPaginasDiario?codDiario=107610&download=true	pdf
0270	FLA-025	https://legis.senado.leg.br/diarios/BuscaPaginasDiario?codDiario=107950&download=true	pdf
0271	FLA-026	https://legis.senado.leg.br/diarios/BuscaPaginasDiario?codDiario=110231&download=true	pdf
0272	FLA-027	https://legis.senado.leg.br/dadosabertos/votacao?codigoMateria=141349	html
0273	FLA-028	https://legis.senado.leg.br/dadosabertos/votacao?codigoMateria=151159	html
0274	FLA-029	https://www25.senado.leg.br/web/atividade/materias/-/materia/159365	html
0275	FLA-029	https://www25.senado.leg.br/web/atividade/materias/-/materia/159365/votacoes	html
0276	FLA-029	https://legis.senado.leg.br/dadosabertos/materia/emendas/159365	html
0277	FLA-030	http://legis.senado.leg.br/sdleg-getter/documento?dm=9487384	pdf
0278	FLA-031	https://legis.senado.leg.br/diarios/BuscaPaginasDiario?codDiario=113913&download=true	pdf
0279	FLA-032	https://www25.senado.leg.br/web/atividade/materias/-/materia/162808	html
0280	FLA-033	https://www25.senado.leg.br/web/atividade/materias/-/materia/153194	html
0281	FLA-034	https://www25.senado.leg.br/web/atividade/materias/-/materia/172100	html
0282	FLA-035	https://www25.senado.leg.br/web/atividade/materias/-/materia/166889/votacoes	html
0283	FLA-035	https://legis.senado.leg.br/diarios/BuscaPaginasDiario?codDiario=118916&download=true	pdf
0284	FLA-036	https://legis.senado.leg.br/diarios/BuscaPaginasDiario?codDiario=114175&download=true	pdf
0285	FLA-037	https://legis.senado.leg.br/diarios/BuscaPaginasDiario?codDiario=122397&download=true	pdf
0286	FLA-038	https://legis.senado.leg.br/dadosabertos/votacao?codigoParlamentar=5894&dataInicio=2019-02-01&dataFim=2026-09-30	html
0287	FLA-038	https://legis.senado.leg.br/dadosabertos/senador/5894/votacoes	html
0288	FLA-039	https://legis.senado.leg.br/dadosabertos/processo?codigoParlamentarAutor=5894&termo=educa%C3%A7%C3%A3o	html
0289	FLA-039	https://legis.senado.leg.br/dadosabertos/senador/5894/autorias	html
0290	FLA-039	https://www25.senado.leg.br/web/atividade/materias/-/materia/136251	html
0291	FLA-039	https://www25.senado.leg.br/web/atividade/materias/-/materia/139392	html
0292	FLA-039	https://www25.senado.leg.br/web/atividade/materias/-/materia/168631	html
0293	FLA-040	https://legis.senado.leg.br/diarios/BuscaPaginasDiario?codDiario=109572&download=true	pdf
0294	FLA-040	https://legis.senado.leg.br/dadosabertos/votacao?codigoMateria=139285	html
0295	FLA-E01	https://portaldatransparencia.gov.br/emendas/consulta?de=2019&ate=2026&autor=FLAVIO%20BOLSONARO&funcao=12	html
0296	FLA-E01|FLA2-008	https://portaldatransparencia.gov.br/download-de-dados/emendas-parlamentares/UNICO	csv
0297	FLA2-001	https://legis.senado.leg.br/dadosabertos/processo/relatoria?codigoParlamentar=5894	html
0298	FLA2-001	https://legis.senado.leg.br/dadosabertos/processo/relatoria?codigoParlamentar=5894&dataInicio=2019-01-01&dataFim=2019-12-31	html
0299	FLA2-001	https://legis.senado.leg.br/dadosabertos/processo/relatoria?codigoParlamentar=5894&dataInicio=2020-01-01&dataFim=2022-12-31	html
0300	FLA2-001	https://legis.senado.leg.br/dadosabertos/processo/relatoria?codigoParlamentar=5894&dataInicio=2023-01-01&dataFim=2026-12-31	html
0301	FLA2-001	https://legis.senado.leg.br/dadosabertos/processo/relatoria?codigoParlamentar=5894&dataInicio=2024-07-01&dataFim=2026-09-30	html
0302	FLA2-001	https://legis.senado.leg.br/dadosabertos/senador/5894/relatorias?comissao=CE	html
0303	FLA2-002	https://www25.senado.leg.br/web/atividade/materias/-/materia/136368	html
0304	FLA2-002	https://legis.senado.leg.br/dadosabertos/processo/relatoria?codigoMateria=136368	html
0305	FLA2-003	https://www25.senado.leg.br/web/atividade/materias/-/materia/156828	html
0306	FLA2-003	https://legis.senado.leg.br/dadosabertos/processo/relatoria?codigoMateria=156828	html
0307	FLA2-004	https://www25.senado.leg.br/web/atividade/materias/-/materia/156731	html
0308	FLA2-004	https://legis.senado.leg.br/dadosabertos/processo/relatoria?codigoMateria=156731	html
0309	FLA2-005	https://www25.senado.leg.br/web/atividade/materias/-/materia/156733	html
0310	FLA2-005	https://legis.senado.leg.br/dadosabertos/processo/relatoria?codigoMateria=156733	html
0311	FLA2-006	https://www25.senado.leg.br/web/atividade/materias/-/materia/148894	html
0312	FLA2-006	https://legis.senado.leg.br/dadosabertos/processo/relatoria?codigoMateria=148894	html
0313	FLA2-007	https://www25.senado.leg.br/web/atividade/materias/-/materia/156718	html
0314	FLA2-008	https://portaldatransparencia.gov.br/emendas/consulta?ordenarPor=autor&direcao=asc&autor=FLAVIO%20BOLSONARO&funcao=12	html
0315	FLA2-008	https://api.portaldatransparencia.gov.br/api-de-dados/emendas?nomeAutor=FLAVIO%20BOLSONARO&pagina=1	html
0316	FLA2-008	https://portaldatransparencia.gov.br/pagina-interna/603482-dicionario-de-dados-emendas-parlamentares	html
0317	FLA2-009	https://www.congressonacional.leg.br/web/orcamento/acompanhe/orcamento-anual/-/loa/2023	html
0318	FLA2-009	https://www9qs.senado.leg.br/extensions/Siga_Brasil_Emendas/Siga_Brasil_Emendas.html	html
0319	FLA2-009	https://www2.camara.leg.br/ig-orcamento/	html
0320	FLA2-009	https://legis.senado.leg.br/dadosabertos/orcamento/lista	html
0321	FLA2-009	https://legis.senado.leg.br/dadosabertos/orcamento/oficios	html
0322	FLA2-010	https://alerjln1.alerj.rj.gov.br/scpro1115.nsf/e4bb858a5b3d42e383256cee006ab66a/8efacb230422473b83257b78004b72bc?OpenDocument	html
0323	FLA2-011	http://alerjln1.alerj.rj.gov.br/contlei.nsf/flaviobolsonaroint?OpenForm	html
0324	FLA2-011	https://alerjln1.alerj.rj.gov.br/contlei.nsf/flaviobolsonaroint?OpenForm&Start=1&Count=15&Expand=1	html
0325	FLA2-011	https://alerjln1.alerj.rj.gov.br/contlei.nsf/flaviobolsonaroint?OpenForm&Start=1&Count=15&Expand=2	html
0326	FLA2-011	https://alerjln1.alerj.rj.gov.br/contlei.nsf/flaviobolsonaroint?OpenForm&Start=1&Count=15&Expand=3	html
0327	FLA2-011	https://alerjln1.alerj.rj.gov.br/scpro1519.nsf/flaviobolsonaroint?OpenForm&Start=1&Count=15&Collapse=1	html
0328	FLA2-011	https://alerjln1.alerj.rj.gov.br/scpro1115.nsf/flaviobolsonaroint?OpenForm&Start=1.4&Count=15&Expand=1.4	html
0329	FLA2-011	https://alerjln1.alerj.rj.gov.br/scpro0711.nsf/flaviobolsonaroint?OpenForm&Start=1&Count=15&Collapse=1	html
0330	GES-001|GES2-028	https://legis.senado.leg.br/dadosabertos/senador/6336/mandatos	xml
0331	GES-002	https://www.planalto.gov.br/ccivil_03/_ato2023-2026/2026/lei/l15437.htm	html
0332	GES-003	https://www.gov.br/inep/pt-br/centrais-de-conteudo/noticias/acoes-internacionais/education-at-a-glance-2026-reune-dados-sobre-escolaridade-e-investimento-em-educacao	html
0333	GES-004	https://en.wikipedia.org/wiki/Ministry_of_Education_(Brazil)	html
0334	GES-005	https://www.gov.br/inep/pt-br/acesso-a-informacao/institucional/ex-presidentes	html
0335	GES-006	https://www.gov.br/inep/pt-br/acesso-a-informacao/institucional/quem-e-quem	html
0336	GES-007	https://www.gov.br/inep/pt-br/acesso-a-informacao/agenda-de-autoridades/presidencia/agenda-da-presidencia/2022-11-24	html
0337	GES-008	https://www.gov.br/fnde/pt-br/acesso-a-informacao/institucional/biografia/presidentes	html
0338	GES-009	https://www.gov.br/cnpq/pt-br/composicao/comissao-de-integridade/IN16_2026.pdf	pdf
0339	GES-010	https://pt.wikipedia.org/wiki/Conselho_Nacional_de_Desenvolvimento_Cient%C3%ADfico_e_Tecnol%C3%B3gico	html
0340	GES-011	https://pesquisa.apps.tcu.gov.br/rest/publico/base/acordao-completo/documento?termo=KEY%3AACORDAO-COMPLETO-2611190&ordenacao=DTRELEVANCIA%20desc&quantidade=1&inicio=0	json
0341	GES-012	https://pesquisa.apps.tcu.gov.br/rest/publico/base/acordao-completo/documento?termo=KEY%3AACORDAO-COMPLETO-2566127&ordenacao=DTRELEVANCIA%20desc&quantidade=1&inicio=0	json
0342	GES-013|GES2-015	https://pesquisa.apps.tcu.gov.br/rest/publico/base/acordao-completo/documento?termo=KEY%3AACORDAO-COMPLETO-2596797&ordenacao=DTRELEVANCIA%20desc&quantidade=1&inicio=0	json
0343	GES-014	https://pesquisa.apps.tcu.gov.br/rest/publico/base/acordao-completo/documento?termo=KEY%3AACORDAO-COMPLETO-2732474&ordenacao=DTRELEVANCIA%20desc&quantidade=1&inicio=0	json
0344	GES-015	https://pesquisa.apps.tcu.gov.br/rest/publico/base/acordao-completo/documento?termo=KEY%3AACORDAO-COMPLETO-2536006&ordenacao=DTRELEVANCIA%20desc&quantidade=1&inicio=0	json
0345	GES-016	https://pesquisa.apps.tcu.gov.br/rest/publico/base/acordao-completo/documento?termo=KEY%3AACORDAO-COMPLETO-2697158&ordenacao=DTRELEVANCIA%20desc&quantidade=1&inicio=0	json
0346	GES-017	https://pesquisa.apps.tcu.gov.br/rest/publico/base/acordao-completo/documento?termo=KEY%3AACORDAO-COMPLETO-2736844&ordenacao=DTRELEVANCIA%20desc&quantidade=1&inicio=0	json
0347	GES-018	https://pesquisa.apps.tcu.gov.br/rest/publico/base/acordao-completo/documento?termo=KEY%3AACORDAO-COMPLETO-2731658&ordenacao=DTRELEVANCIA%20desc&quantidade=1&inicio=0	json
0348	GES-019	https://pesquisa.apps.tcu.gov.br/rest/publico/base/acordao-completo/documento?termo=KEY%3AACORDAO-COMPLETO-2763994&ordenacao=DTRELEVANCIA%20desc&quantidade=1&inicio=0	json
0349	GES-020	https://portal.tcu.gov.br/imprensa/noticias/sistemas-informatizados-da-politica-nacional-de-educacao-passam-por-auditoria	html
0350	GES-021	https://pesquisa.apps.tcu.gov.br/rest/publico/base/acordao-completo/documento?termo=KEY%3AACORDAO-COMPLETO-2772267&ordenacao=DTRELEVANCIA%20desc&quantidade=1&inicio=0	json
0351	GES-022	https://pesquisa.apps.tcu.gov.br/rest/publico/base/acordao-completo/documento?termo=KEY%3AACORDAO-COMPLETO-2697418&ordenacao=DTRELEVANCIA%20desc&quantidade=1&inicio=0	json
0352	GES-023	https://www.gov.br/inep/pt-br/acesso-a-informacao/dados-abertos/sinopses-estatisticas/enem	html
0353	GES-024	https://www.gov.br/inep/pt-br/areas-de-atuacao/avaliacao-e-exames-educacionais/enem/historico	html
0354	GES-025|NOR-007	https://www.planalto.gov.br/ccivil_03/_ato2019-2022/2019/mpv/mpv914.htm	html
0355	GES-026|GES2-022|NOR-008	https://www.planalto.gov.br/ccivil_03/_ato2019-2022/2020/mpv/mpv979.htm	html
0356	GES-027|NOR-010|NOR2-017|PRO2-009	https://www.planalto.gov.br/ccivil_03/_ato2023-2026/2026/lei/L15367.htm	html
0357	GES-028	https://www.andifes.org.br/2026/08/13/joao-carlos-salles-da-ufba-e-o-primeiro-reitor-nomeado-apos-o-fim-da-lista-triplice/	html
0358	GES-029	https://www.planalto.gov.br/ccivil_03/_ato2023-2026/2026/mpv/mpv1334.htm	html
0359	GES-030|NOR2-021	https://www.planalto.gov.br/ccivil_03/_ato2023-2026/2026/Exm/Exm-MP-1334-26.pdf	pdf
0360	GES-031	https://www.planalto.gov.br/ccivil_03/_ato2023-2026/2023/Exm/Exm-1170-23.pdf	pdf
0361	GES-032	https://www.planalto.gov.br/ccivil_03/_ato2023-2026/2023/lei/L14673.htm	html
0362	GES-033	https://www.planalto.gov.br/ccivil_03/_ato2023-2026/2024/mpv/mpv1286.htm	html
0363	GES-034	https://www.planalto.gov.br/ccivil_03/_ato2023-2026/2025/lei/L15141.htm	html
0364	GES-035	https://www.planalto.gov.br/ccivil_03/_ato2015-2018/2016/lei/l13325.htm	html
0365	GES-036	https://www.planalto.gov.br/ccivil_03/_ato2019-2022/2019/decreto/D10185.htm	html
0366	GES-037|NOR2-020	https://pesquisa.apps.tcu.gov.br/rest/publico/base/acordao-completo/documento?termo=KEY%3AACORDAO-COMPLETO-2635112&ordenacao=DTRELEVANCIA%20desc&quantidade=1&inicio=0	json
0367	GES-038	https://www.gov.br/fnde/pt-br/acesso-a-informacao/transparencia-e-prestacao-de-contas/relatorio-de-gestao-1/relatorios-de-gestao-anos-anteriores/relatorio-de-gestao-2021/resultados-da-gestao-1/financiamento-da-educacao-basica	html
0368	GES-039	https://www.gov.br/inep/pt-br/centrais-de-conteudo/noticias/enem/enem-faltam-60-dias-para-a-aplicacao-da-prova	html
0369	GES-011	https://pesquisa.apps.tcu.gov.br/rest/publico/base/acordao-completo/documentosResumidos?termo=Ac%C3%B3rd%C3%A3o%202195%2F2022%20Inep&quantidade=5&inicio=0	json
0370	GES-012	https://pesquisa.apps.tcu.gov.br/rest/publico/base/acordao-completo/documentosResumidos?termo=Ac%C3%B3rd%C3%A3o%20365%2F2023%20Inep%20Enem&quantidade=5&inicio=0	json
0371	GES-015	https://pesquisa.apps.tcu.gov.br/rest/publico/base/acordao-completo/documento?termo=KEY%3AACORDAO-COMPLETO-2533315&ordenacao=DTRELEVANCIA%20desc&quantidade=1&inicio=0	json
0372	GES-016	https://pesquisa.apps.tcu.gov.br/rest/publico/base/acordao-completo/documento?termo=KEY%3AACORDAO-COMPLETO-2699850&ordenacao=DTRELEVANCIA%20desc&quantidade=1&inicio=0	json
0373	GES-016	https://pesquisa.apps.tcu.gov.br/rest/publico/base/acordao-completo/documento?termo=KEY%3AACORDAO-COMPLETO-2710827&ordenacao=DTRELEVANCIA%20desc&quantidade=1&inicio=0	json
0374	GES-017	https://pesquisa.apps.tcu.gov.br/rest/publico/base/acordao-completo/documento?termo=KEY%3AACORDAO-COMPLETO-2742411&ordenacao=DTRELEVANCIA%20desc&quantidade=1&inicio=0	json
0375	GES-018	https://pesquisa.apps.tcu.gov.br/rest/publico/base/acordao-completo/documento?termo=KEY%3AACORDAO-COMPLETO-2767581&ordenacao=DTRELEVANCIA%20desc&quantidade=1&inicio=0	json
0376	GES-018	https://pesquisa.apps.tcu.gov.br/rest/publico/base/acordao-completo/documento?termo=KEY%3AACORDAO-COMPLETO-2725962&ordenacao=DTRELEVANCIA%20desc&quantidade=1&inicio=0	json
0377	GES-020	https://pesquisa.apps.tcu.gov.br/rest/publico/base/acordao-completo/documento?termo=KEY%3AACORDAO-COMPLETO-2769430&ordenacao=DTRELEVANCIA%20desc&quantidade=1&inicio=0	json
0378	GES-023	https://download.inep.gov.br/informacoes_estatisticas/sinopses_estatisticas/sinopses_enem/2019/Sinopse_ENEM2019.zip	zip
0379	GES-023	https://download.inep.gov.br/informacoes_estatisticas/sinopses_estatisticas/sinopses_enem/2020/Sinopse_Enem2020.zip	zip
0380	GES-023	https://download.inep.gov.br/informacoes_estatisticas/sinopses_estatisticas/sinopses_enem/2021/sinopse_enem_2021.zip	zip
0381	GES-023	https://download.inep.gov.br/informacoes_estatisticas/sinopses_estatisticas/sinopses_enem/2022/sinopse_enem_2022.zip	zip
0382	GES-023	https://download.inep.gov.br/informacoes_estatisticas/sinopses_estatisticas/sinopses_enem/2023/sinopse_enem_2023.zip	zip
0383	GES-023	https://download.inep.gov.br/informacoes_estatisticas/sinopses_estatisticas/sinopses_enem/2024/sinopse_enem_2024.zip	zip
0384	GES-023	https://download.inep.gov.br/informacoes_estatisticas/sinopses_estatisticas/sinopses_enem/2025/sinopse_enem_2025.zip	zip
0385	GES-029	https://www.camara.leg.br/proposicoesWeb/prop_mostrarintegra?codteor=3132695	pdf
0386	GES-029	http://legis.senado.leg.br/sdleg-getter/documento?dm=10147923	pdf
0387	GES-029	http://legis.senado.leg.br/sdleg-getter/documento?dm=10225629	pdf
0388	GES-029	http://legis.senado.leg.br/sdleg-getter/documento?dm=10225748	pdf
0389	GES-029	https://www.congressonacional.leg.br/materias/medidas-provisorias/-/mpv/172373	html
0390	GES-031	https://www.planalto.gov.br/ccivil_03/_ato2023-2026/2023/Mpv/mpv1170.htm	html
0391	GES-033	https://www.planalto.gov.br/ccivil_03/_ato2023-2026/2024/Exm/Exm-1286-24.pdf	pdf
0392	GES-033	https://www.gov.br/gestao/pt-br/assuntos/noticias/2024/maio/governo-assina-acordo-de-reajuste-com-entidade-representante-dos-docentes	html
0393	GES-001	https://legis.senado.leg.br/dadosabertos/senador/lista/atual	xml
0394	GES-006	https://www.gov.br/inep/pt-br/centrais-de-conteudo/noticias/enem/inep-conclui-reunioes-tecnicas-regionais-sobre-saeb-e-enem	html
0395	GES-009	https://www.gov.br/cnpq/pt-br/assuntos/noticias/premios/cnpq-entrega-trofeus-para-vencedoras-do-2o-premio-mulheres-e-ciencia	html
0396	GES-010	https://pt.wikipedia.org/wiki/Coordena%C3%A7%C3%A3o_de_Aperfei%C3%A7oamento_de_Pessoal_de_N%C3%ADvel_Superior	html
0397	GES-028	https://www.andifes.org.br/2026/03/31/momento-historico-para-as-universidades-federais-sancionada-a-lei-que-acaba-com-lista-triplice-na-escolha-de-reitores/	html
0398	GES-004	https://pt.wikipedia.org/wiki/Lista_de_ministros_da_Educa%C3%A7%C3%A3o_do_Brasil	html
0399	GES2-001	https://pesquisa.apps.tcu.gov.br/rest/publico/base/acordao-completo/documento?termo=KEY%3AACORDAO-COMPLETO-2423161&ordenacao=DTRELEVANCIA%20desc&quantidade=1&inicio=0	json
0400	GES2-002	https://pesquisa.apps.tcu.gov.br/rest/publico/base/acordao-completo/documento?termo=KEY%3AACORDAO-COMPLETO-2515528&ordenacao=DTRELEVANCIA%20desc&quantidade=1&inicio=0	json
0401	GES2-003	https://pesquisa.apps.tcu.gov.br/rest/publico/base/acordao-completo/documento?termo=KEY%3AACORDAO-COMPLETO-2687453&ordenacao=DTRELEVANCIA%20desc&quantidade=1&inicio=0	json
0402	GES2-004	https://pesquisa.apps.tcu.gov.br/rest/publico/base/acordao-completo/documento?termo=KEY%3AACORDAO-COMPLETO-2715816&ordenacao=DTRELEVANCIA%20desc&quantidade=1&inicio=0	json
0403	GES2-005	https://pesquisa.apps.tcu.gov.br/rest/publico/base/acordao-completo/documento?termo=KEY%3AACORDAO-COMPLETO-2728123&ordenacao=DTRELEVANCIA%20desc&quantidade=1&inicio=0	json
0404	GES2-006	https://pesquisa.apps.tcu.gov.br/rest/publico/base/acordao-completo/documento?termo=KEY%3AACORDAO-COMPLETO-2750069&ordenacao=DTRELEVANCIA%20desc&quantidade=1&inicio=0	json
0405	GES2-007	https://pesquisa.apps.tcu.gov.br/rest/publico/base/acordao-completo/documento?termo=KEY%3AACORDAO-COMPLETO-1127945&ordenacao=DTRELEVANCIA%20desc&quantidade=1&inicio=0	json
0406	GES2-008	https://pesquisa.apps.tcu.gov.br/rest/publico/base/acordao-completo/documento?termo=KEY%3AACORDAO-COMPLETO-1253952&ordenacao=DTRELEVANCIA%20desc&quantidade=1&inicio=0	json
0407	GES2-009	https://pesquisa.apps.tcu.gov.br/rest/publico/base/acordao-completo/documento?termo=KEY%3AACORDAO-COMPLETO-119403&ordenacao=DTRELEVANCIA%20desc&quantidade=1&inicio=0	json
0408	GES2-010	https://pesquisa.apps.tcu.gov.br/rest/publico/base/acordao-completo/documento?termo=KEY%3AACORDAO-COMPLETO-116593&ordenacao=DTRELEVANCIA%20desc&quantidade=1&inicio=0	json
0409	GES2-011	https://pesquisa.apps.tcu.gov.br/rest/publico/base/acordao-completo/documento?termo=KEY%3AACORDAO-COMPLETO-111306&ordenacao=DTRELEVANCIA%20desc&quantidade=1&inicio=0	json
0410	GES2-012	https://pesquisa.apps.tcu.gov.br/rest/publico/base/acordao-completo/documento?termo=KEY%3AACORDAO-COMPLETO-1367068&ordenacao=DTRELEVANCIA%20desc&quantidade=1&inicio=0	json
0411	GES2-013	https://pesquisa.apps.tcu.gov.br/rest/publico/base/acordao-completo/documento?termo=KEY%3AACORDAO-COMPLETO-1503794&ordenacao=DTRELEVANCIA%20desc&quantidade=1&inicio=0	json
0412	GES2-014	https://pesquisa.apps.tcu.gov.br/rest/publico/base/acordao-completo/documento?termo=KEY%3AACORDAO-COMPLETO-2524191&ordenacao=DTRELEVANCIA%20desc&quantidade=1&inicio=0	json
0413	GES2-016	https://pesquisa.apps.tcu.gov.br/rest/publico/base/acordao-completo/documento?termo=KEY%3AACORDAO-COMPLETO-114391&ordenacao=DTRELEVANCIA%20desc&quantidade=1&inicio=0	json
0414	GES2-017	https://pesquisa.apps.tcu.gov.br/rest/publico/base/acordao-completo/documento?termo=KEY%3AACORDAO-COMPLETO-2293790&ordenacao=DTRELEVANCIA%20desc&quantidade=1&inicio=0	json
0415	GES2-018	https://pesquisa.apps.tcu.gov.br/rest/publico/base/acordao-completo/documento?termo=KEY%3AACORDAO-COMPLETO-2703046&ordenacao=DTRELEVANCIA%20desc&quantidade=1&inicio=0	json
0416	GES2-019	https://pesquisa.apps.tcu.gov.br/rest/publico/base/acordao-completo/documento?termo=KEY%3AACORDAO-COMPLETO-2389292&ordenacao=DTRELEVANCIA%20desc&quantidade=1&inicio=0	json
0417	GES2-020	https://www.planalto.gov.br/ccivil_03/_ato2019-2022/2019/decreto/D9665.htm	html
0418	GES2-021|NOR-001|PRO-003	https://www.planalto.gov.br/ccivil_03/_ato2019-2022/2019/decreto/D9765.htm	html
0419	GES2-023|NOR-016|PRO-015	https://www.planalto.gov.br/ccivil_03/_ato2019-2022/2020/lei/L14040.htm	html
0420	GES2-024	https://www.planalto.gov.br/ccivil_03/_ato2019-2022/2022/decreto/D11238.htm	html
0421	GES2-025	https://www.planalto.gov.br/ccivil_03/_ato2019-2022/2022/lei/L14407.htm	html
0422	GES2-026	https://www.planalto.gov.br/ccivil_03/_ato2023-2026/2023/decreto/D11342.htm	html
0423	GES2-027	https://www.planalto.gov.br/ccivil_03/_ato2023-2026/2026/lei/l15388.htm	html
0424	GES2-029	https://www.al.ce.gov.br/userfiles/files/deputadosnahistoria.pdf	pdf
0425	GES2-030	https://www.gov.br/inep/pt-br/acesso-a-informacao/agenda-de-autoridades/presidencia/agenda-da-presidencia-2/2022-03-16	html
0426	GES2-031	https://en.wikipedia.org/wiki/Ricardo_V%C3%A9lez_Rodr%C3%ADguez	html
0427	GES2-032	https://en.wikipedia.org/wiki/Abraham_Weintraub	html
0428	GES2-033	https://en.wikipedia.org/wiki/Milton_Ribeiro	html
0429	GES2-034	https://pt.wikipedia.org/wiki/Victor_Godoy_Veiga	html
0430	GES2-035|GES3-030	https://agenciabrasil.ebc.com.br/en/educacao/noticia/2022-03/victor-godoy-new-minister-education	html
0431	GES2-036	https://en.wikipedia.org/wiki/Camilo_Santana	html
0432	GES2-037	https://en.wikipedia.org/wiki/Carlos_Decotelli	html
0433	GES2-038	https://en.wikipedia.org/wiki/Leonardo_Barchini	html
0434	GES2-039|GES3-046	https://www.cnnbrasil.com.br/educacao/quem-e-leonardo-barchini-novo-ministro-da-educacao/	html
0435	GES2-001	https://pesquisa.apps.tcu.gov.br/rest/publico/base/acordao-completo/documento?termo=KEY%3AACORDAO-COMPLETO-2423162&ordenacao=DTRELEVANCIA%20desc&quantidade=1&inicio=0	json
0436	GES2-019	https://pesquisa.apps.tcu.gov.br/rest/publico/base/acordao-completo/documento?termo=KEY%3AACORDAO-COMPLETO-2389402&ordenacao=DTRELEVANCIA%20desc&quantidade=1&inicio=0	json
0437	GES2-028	https://legis.senado.leg.br/dadosabertos/senador/6336	xml
0438	GES2-030	https://www.gov.br/inep/pt-br/acesso-a-informacao/agenda-de-autoridades/presidencia/agenda-da-presidencia-2/2022-03-17	html
0439	GES2-034	https://www.in.gov.br/en/web/dou/-/decreto-de-29-de-marco-de-2022-389280457	html
0440	GES2-034	https://en.wikipedia.org/wiki/Victor_Godoy	html
0441	GES2-038	https://valor.globo.com/politica/noticia/2026/03/30/leonardo-barchini-deve-assumir-mec-apos-saida-de-camilo-santana-dizem-fontes.ghtml	html
0442	GES2-NAO_LIDO	https://www.gov.br/mec/pt-br/acesso-a-informacao/institucional/galeria-de-ministros	html
0443	GES2-NAO_LIDO	https://www.gov.br/planalto/pt-br/conheca-a-presidencia/ministros	html
0444	GES3-001	https://agenciabrasil.ebc.com.br/educacao/noticia/2018-11/ricardo-velez-rodriguez-e-indicado-para-ministro-da-educacao	html
0445	GES3-002	https://www.poder360.com.br/governo/bolsonaro-diz-que-faltou-gestao-e-expertise-de-velez-a-frente-do-mec/	html
0446	GES3-003	https://www12.senado.leg.br/noticias/materias/2019/04/23/abraham-weintraub-sera-ouvido-pela-comissao-de-educacao-no-inicio-de-maio	html
0447	GES3-004	https://www12.senado.leg.br/noticias/materias/2019/02/26/senadores-protestam-ao-ministro-da-educacao-contra-filmagem-de-estudantes	html
0448	GES3-005	https://www.poder360.com.br/governo/passa-no-rh-demissoes-no-governo-tiveram-fritura-publica-como-padrao-relembre/	html
0449	GES3-006	https://www.poder360.com.br/governo/saiba-quem-e-abraham-weintraub-o-novo-ministro-da-educacao/	html
0450	GES3-007	https://www.gazetadopovo.com.br/eleicoes/2022/sp/quem-e-abraham-weintraub-pre-candidato-do-pmb-ao-governo-de-sp/	html
0451	GES3-008	https://www.cnnbrasil.com.br/politica/cgu-determina-demissao-de-abraham-weintraub-da-unifesp-por-faltas-injustificadas/	html
0452	GES3-009	https://www.poder360.com.br/brasil/weintraub-diz-que-ira-recorrer-de-demissao-da-unifesp/	html
0453	GES3-010	https://agenciabrasil.ebc.com.br/educacao/noticia/2020-06/abraham-weintraub-anuncia-saida-do-ministerio-da-educacao	html
0454	GES3-011	https://agenciabrasil.ebc.com.br/economia/noticia/2020-06/governo-indica-weintraub-para-o-banco-mundial	html
0455	GES3-012|IMP1-002	https://www.poder360.com.br/governo/stj-nega-pedido-para-suspender-corte-de-verbas-de-universidades-federais/	html
0456	GES3-013	https://www12.senado.leg.br/noticias/materias/2019/05/07/ministro-nega-corte-para-universidades-federais-e-defende-educacao-basica	html
0457	GES3-014	https://www.gazetadopovo.com.br/vida-e-cidadania/weintraub-e-punido-por-citar-balburdia-em-universidades-e-ofender-imagem-de-paulo-freire/	html
0458	GES3-015	https://www.poder360.com.br/governo/ministro-da-educacao-usa-chocolates-para-explicar-cortes-no-ensino-superior/	html
0459	GES3-016	https://agenciabrasil.ebc.com.br/politica/noticia/2020-07/publicado-decreto-que-torna-sem-efeito-nomeacao-de-dicotelli	html
0460	GES3-017	https://www.poder360.com.br/governo/reitor-de-universidade-argentina-diz-que-decotelli-nao-tem-titulo-de-doutor/	html
0461	GES3-018	https://www.poder360.com.br/brasil/decotelli-atualiza-curriculo-e-destaca-passagem-de-5-dias-pelo-mec/	html
0462	GES3-019	https://www.poder360.com.br/governo/bolsonaro-nomeia-milton-ribeiro-como-novo-ministro-da-educacao/	html
0463	GES3-020	https://www.poder360.com.br/governo/milton-ribeiro-toma-posse-como-ministro-da-educacao/	html
0464	GES3-021	https://www12.senado.leg.br/noticias/materias/2020/09/15/comissao-da-covid-19-recebe-ministro-da-educacao-milton-ribeiro-na-quinta-feira	html
0465	GES3-022	https://agenciabrasil.ebc.com.br/politica/noticia/2022-03/ministro-da-educacao-pede-exoneracao-do-cargo	html
0466	GES3-023	https://agenciabrasil.ebc.com.br/justica/noticia/2022-06/policia-federal-deflagra-operacao-contra-desvios-no-fnde	html
0467	GES3-024	https://www.poder360.com.br/justica/delegado-do-caso-milton-ribeiro-e-indiciado-por-abuso-de-autoridade/	html
0468	GES3-025	https://www.cnnbrasil.com.br/politica/mpf-pede-que-justica-continue-investigacao-sobre-bolsonaro-e-milton-ribeiro/	html
0469	GES3-026	https://www.gazetadopovo.com.br/republica/comissao-presidencia-pune-ex-ministro-bolsonaro-condutas-ilicitas/	html
0470	GES3-027	https://www.metropoles.com/colunas/tacio-lorran/pastores-do-mec-comissao-de-etica	html
0471	GES3-028	https://www.poder360.com.br/poder-justica/ex-ministro-bolsonaro-reu-homofobia/	html
0472	GES3-029	https://www.gazetadopovo.com.br/vida-e-cidadania/ex-ministro-milton-ribeiro-reu-discriminacao-homossexualidade/	html
0473	GES3-031	https://agenciabrasil.ebc.com.br/educacao/noticia/2022-04/presidente-bolsonaro-efetiva-ministro-da-educacao	html
0474	GES3-032	https://www.cnnbrasil.com.br/nacional/novo-ministro-diz-a-cnn-que-vai-manter-equipe-de-milton-ribeiro-no-mec/	html
0475	GES3-033	https://www.cnnbrasil.com.br/politica/apos-cortes-ministro-da-educacao-anuncia-liberacao-de-verba-para-despesas-discricionarias/	html
0476	GES3-034	https://www.poder360.com.br/governo/mec-libera-r-460-milhoes-para-despesas-da-educacao/	html
0477	GES3-035	https://www12.senado.leg.br/noticias/materias/2022/08/26/vaga-do-ceara-no-senado-sera-disputada-por-cinco-candidatos	html
0478	GES3-036	https://www12.senado.leg.br/noticias/materias/2026/07/08/camilo-santana-e-eleito-presidente-da-comissao-de-educacao-e-cultura	html
0479	GES3-037	https://www.cnnbrasil.com.br/eleicoes/lula-diz-que-camilo-santana-deixara-o-mec-para-atuar-em-campanha-eleitoral/	html
0480	GES3-038	https://www.metropoles.com/brasil/lula-descarta-camilo-santana-candidato-cabo-eleitoral-importante	html
0481	GES3-039	https://www.metropoles.com/brasil/camilo-santana-se-emociona-ao-se-despedir-do-mec-dever-cumprido	html
0482	GES3-040	https://www.poder360.com.br/poder-governo/lula-oficializa-saida-de-camilo-santana-do-mec/	html
0483	GES3-041	https://www12.senado.leg.br/noticias/materias/2020/02/13/prisco-bezerra-anuncia-projeto-para-premiar-escola-por-desempenho-no-ideb	html
0484	GES3-042	https://www12.senado.leg.br/noticias/materias/2024/12/11/subcomissao-propoe-tornar-alfabetizacao-na-idade-certa-uma-politica-de-estado	html
0485	GES3-043|IMP2-NL08	https://www.cnnbrasil.com.br/educacao/pe-de-meia-reduz-abandono-escolar-no-ensino-medio-em-43-em-dois-anos/	html
0486	GES3-044|IMP2-060	https://www.poder360.com.br/poder-economia/ministros-do-tcu-questionam-desorcamentacao-em-pe-de-meia-e-desenrola/	html
0487	GES3-045|IMP2-065	https://www.poder360.com.br/educacao/lula-anuncia-r-2-bi-para-alfabetizacao-de-criancas-em-4-anos/	html
0488	GES3-047	https://www.gazetadopovo.com.br/republica/lula-anuncia-leonardo-barchini-como-novo-ministro-da-educacao/	html
0489	GES3-048|IMP2-043	https://www.poder360.com.br/poder-educacao/lula-assina-portaria-que-autoriza-19-institutos-federais-em-12-estados/	html
0490	GES3-008	https://www.in.gov.br/web/dou/-/portaria-n-362-de-6-de-fevereiro-de-2024-541955921	html
0491	GES3-NAO_LIDO	https://g1.globo.com/politica/noticia/2019/04/08/planalto-anuncia-demissao-de-ricardo-velez-rodriguez-do-ministerio-da-educacao.ghtml	html
0492	GES3-NAO_LIDO	https://www1.folha.uol.com.br/educacao/2018/11/bolsonaro-anuncia-ricardo-velez-rodriguez-como-ministro-da-educacao.shtml	html
0493	GES3-NAO_LIDO	https://www1.folha.uol.com.br/educacao/2018/11/doutor-em-filosofia-futuro-ministro-escreveu-sobre-dom-quixote-mst-e-trafico.html	html
0494	GES3-NAO_LIDO	https://valor.globo.com/politica/noticia/2020/06/29/universidade-alema-nega-que-carlos-decotelli-tenha-obtido-pós-doutorado.ghtml	html
0495	GES3-NAO_LIDO	https://oglobo.globo.com/sociedade/universidade-de-wuppertal-nao-confirma-pos-doutorado-do-ministro-da-educacao-na-alemanha-24504818	html
0496	GES3-NAO_LIDO	https://www1.folha.uol.com.br/educacao/2020/06/ministro-da-educacao-copiou-ao-menos-4-trechos-de-outras-teses-em-mestrado.shtml	html
0497	GES3-NAO_LIDO	https://educacao.uol.com.br/noticias/2020/06/27/fgv-vai-apurar-denuncia-de-plagio-em-dissertacao-de-ministro-da-educacao.htm	html
0498	GES3-NAO_LIDO	https://www.bbc.com/portuguese/brasil-53188250	html
0499	GES3-NAO_LIDO	https://g1.globo.com/economia/noticia/2020/07/30/banco-mundial-anuncia-aprovacao-de-abraham-weintraub-como-diretor-executivo-da-instituicao.ghtml	html
0500	GES3-NAO_LIDO	https://agenciabrasil.ebc.com.br/politica/noticia/2020-06/diario-oficial-publica-decreto-de-exoneracao-do-ministro-da-educacao	html
0501	GES3-NAO_LIDO	https://www.cnnbrasil.com.br/politica/comissao-de-etica-da-presidencia-impoe-punicao-a-frias-e-a-weintraub/	html
0502	GES3-NAO_LIDO	https://www.poder360.com.br/poder-justica/justica-mantem-condenacao-de-r-200-000-a-milton-ribeiro-por-homofobia/	html
0503	GES3-NAO_LIDO|IMP2-061	https://www.cnnbrasil.com.br/politica/tcu-manda-mec-suspender-pagamentos-do-pe-de-meia-a-cpfs-de-pessoas-mortas/	html
0504	GES3-NAO_LIDO	https://www.poder360.com.br/poder-eleicoes/camilo-santana-e-um-lider-e-cabo-eleitoral-importante-diz-lula/	html
0505	IMP1-001	https://www12.senado.leg.br/noticias/materias/2019/04/30/decisao-de-cortar-verbas-para-universidades-repercute-no-senado	html
0506	IMP1-003	https://agenciabrasil.ebc.com.br/educacao/noticia/2019-05/andifes-bloqueio-universidades-e-de-54-de-verbas-discricionarias	html
0507	IMP1-004	https://agenciabrasil.ebc.com.br/educacao/noticia/2019-08/ufrj-pode-paralisar-servicos-por-limitacao-orcamentaria	html
0508	IMP1-005	https://www12.senado.leg.br/noticias/materias/2019/05/15/mobilizacao-por-educacao-ganha-apoio-de-senadores-na-ccj	html
0509	IMP1-006	https://agenciabrasil.ebc.com.br/economia/noticia/2019-09/educacao-economia-e-defesa-vao-receber-65-dos-recursos-desbloqueados	html
0510	IMP1-007	https://www12.senado.leg.br/noticias/materias/2019/10/01/telmario-elogia-desbloqueio-de-verbas-do-mec-1	html
0511	IMP1-008	https://agenciabrasil.ebc.com.br/educacao/noticia/2021-05/governo-libera-r-261-bilhoes-para-universidades-federais	html
0512	IMP1-009	https://www.poder360.com.br/brasil/falta-de-orcamento-paralisa-universidades-federais-e-pesquisas-sobre-covid/	html
0513	IMP1-010	https://www.poder360.com.br/governo/governo-desbloqueia-r-4-bilhoes-do-orcamento-de-2021/	html
0514	IMP1-011	https://agenciabrasil.ebc.com.br/economia/noticia/2022-06/ciencia-e-tecnologia-e-educacao-lideram-bloqueio-orcamentario	html
0515	IMP1-012	https://www12.senado.leg.br/noticias/materias/2022/07/01/comissao-pode-convocar-ministro-da-educacao-para-explicar-corte-de-r-619-milhoes	html
0516	IMP1-013	https://agenciabrasil.ebc.com.br/educacao/noticia/2022-10/limite-de-recursos-para-universidades-e-temporario-diz-ministro	html
0517	IMP1-014	https://www12.senado.leg.br/noticias/materias/2022/10/06/leila-critica-bloqueio-de-verbas-na-educacao	html
0518	IMP1-015	https://www.poder360.com.br/educacao/governo-vai-editar-mp-para-liberar-r-2-bi-para-educacao/	html
0519	IMP1-016	https://agenciabrasil.ebc.com.br/politica/noticia/2022-12/mec-informa-desbloqueio-de-r-2-bilhoes-em-orcamento-das-universidades	html
0520	IMP1-017	https://www12.senado.leg.br/noticias/materias/2022/07/12/congresso-rejeita-reduzir-verbas-de-fundo-de-ciencia-e-tecnologia	html
0521	IMP1-018	https://www12.senado.leg.br/noticias/materias/2022/10/26/senadores-querem-derrubar-mp-que-retira-recursos-da-ciencia	html
0522	IMP1-019	https://agenciabrasil.ebc.com.br/politica/noticia/2023-02/medidas-provisorias-que-limitavam-gastos-com-cultura-perdem-validade	html
0523	IMP1-020	https://agenciabrasil.ebc.com.br/educacao/noticia/2023-12/universidades-federais-pedem-mais-recursos-para-fechar-contas	html
0524	IMP1-021	https://www.poder360.com.br/educacao/associacao-critica-reducao-no-orcamento-de-universidades-para-2024/	html
0525	IMP1-022	https://agenciabrasil.ebc.com.br/economia/noticia/2023-09/educacao-e-transportes-lideram-novos-bloqueios-no-orcamento	html
0526	IMP1-023	https://www.poder360.com.br/poder-economia/educacao-e-a-mais-afetada-por-bloqueio-de-r-55-bi-no-orcamento/	html
0527	IMP1-024	https://www.poder360.com.br/poder-educacao/lula-se-reune-com-reitores-para-tratar-de-cortes-nas-universidades/	html
0528	IMP1-025	https://agenciabrasil.ebc.com.br/economia/noticia/2025-05/governo-congela-r-313-bi-do-orcamento-de-2025	html
0529	IMP1-026	https://agenciabrasil.ebc.com.br/educacao/noticia/2025-12/orcamento-2026-traz-corte-de-quase-r-500-milhoes-para-universidades	html
0530	IMP1-027	https://www.poder360.com.br/poder-educacao/orcamento-2026-traz-corte-de-quase-r-500-milhoes-para-universidades/	html
0531	IMP1-028	https://agenciabrasil.ebc.com.br/economia/noticia/2026-05/defesa-e-cidades-lideram-bloqueios-no-orcamento-de-2026	html
0532	IMP1-029	https://www.poder360.com.br/poder-economia/governo-anuncia-bloqueio-de-r-221-bi-no-orcamento-federal/	html
0533	IMP1-030	https://www.poder360.com.br/poder-governo/defesa-e-educacao-sao-mais-afetados-por-contencao-no-orcamento/	html
0534	IMP1-031	https://www12.senado.leg.br/noticias/materias/2024/11/13/audiencia-aponta-sustentabilidade-do-fundo-nacional-de-ciencia-e-tecnologia-contra-corte	html
0535	IMP1-032	https://www.poder360.com.br/congresso/congresso-aprova-credito-de-r-42-bi-para-ciencia-e-tecnologia/	html
0536	IMP1-033	https://www12.senado.leg.br/noticias/materias/2025/04/11/vetos-no-orcamento-alcancam-fundo-para-ciencia-e-duas-obras	html
0537	IMP1-034	https://agenciabrasil.ebc.com.br/educacao/noticia/2019-01/piso-salarial-para-o-magisterio-e-reajustado-em-417	html
0538	IMP1-035	https://agenciabrasil.ebc.com.br/politica/noticia/2020-01/governo-federal-anuncia-aumento-do-piso-dos-professores	html
0539	IMP1-036	https://agenciabrasil.ebc.com.br/politica/noticia/2022-01/professores-da-educacao-basica-terao-reajuste-no-piso-salarial	html
0540	IMP1-037	https://www.poder360.com.br/educacao/governo-reajusta-piso-salarial-dos-professores-em-15/	html
0541	IMP1-038	https://www12.senado.leg.br/noticias/materias/2023/05/19/apos-reajuste-ce-debate-aplicacao-do-novo-piso-do-magisterio	html
0542	IMP1-039	https://www.poder360.com.br/educacao/cnm-critica-reajuste-de-362-no-piso-nacional-do-magisterio/	html
0543	IMP1-040	https://www.cnnbrasil.com.br/economia/seu-bolso/meu-dinheiro/piso-salarial-de-professores-da-educacao-basica-e-reajustado-em-362-valor-vai-a-r-4-58057/	html
0544	IMP1-041	https://www.poder360.com.br/poder-educacao/ministro-da-educacao-assina-aumento-do-piso-salarial-dos-professores/	html
0545	IMP1-042	https://www.poder360.com.br/poder-educacao/de-onde-sai-o-dinheiro-pergunta-cnm-sobre-piso-dos-professores/	html
0546	IMP1-043	https://www12.senado.leg.br/noticias/materias/2026/01/22/medida-provisoria-reajusta-piso-do-magisterio-para-r-5-1-mil-em-2026	html
0547	IMP1-044	https://www.poder360.com.br/poder-governo/lula-muda-calculo-do-piso-do-magisterio-e-leva-valor-a-r-5-13063/	html
0548	IMP1-045	https://www12.senado.leg.br/noticias/materias/2026/06/19/sancionado-piso-de-r-5-130-para-professores-de-educacao-basica	html
0549	IMP1-046	https://www.cnnbrasil.com.br/politica/lula-sanciona-aumento-de-54-do-piso-salarial-de-professores/	html
0550	IMP1-047	https://www12.senado.leg.br/noticias/materias/2026/05/26/senado-aprova-piso-de-r-5-130-para-professores-e-nova-regra-de-reajuste	html
0551	IMP1-048	https://www12.senado.leg.br/noticias/materias/2020/08/19/senado-derruba-veto-a-reajustes-a-policiais-medicos-e-professores-na-pandemia-texto-depende-da-camara	html
0552	IMP1-049	https://www12.senado.leg.br/noticias/materias/2025/12/08/plenario-vota-liberacao-a-servidores-de-pagamentos-congelados-na-pandemia	html
0553	IMP1-050	https://www.poder360.com.br/governo/bolsonaro-sanciona-reajuste-de-r-17-bi-a-funcionarios-publicos/	html
0554	IMP1-051	https://www.poder360.com.br/brasil/funcionarios-publicos-protestam-em-frente-ao-banco-central/	html
0555	IMP1-052	https://www12.senado.leg.br/noticias/materias/2022/04/18/governo-reserva-r-11-7-bilhoes-para-reajuste-de-servidores-em-2023	html
0556	IMP1-053	https://www12.senado.leg.br/noticias/materias/2023/05/02/medida-provisoria-reajusta-em-9-salarios-dos-servidores-civis-do-executivo	html
0557	IMP1-054	https://www.poder360.com.br/congresso/camara-aprova-mp-que-aumenta-o-salario-de-funcionarios-publicos/	html
0558	IMP1-055	https://www.poder360.com.br/educacao/ao-menos-23-universidades-federais-estao-em-greve-dizem-associacoes/	html
0559	IMP1-056	https://www12.senado.leg.br/noticias/materias/2024/06/05/sem-acordo-greve-nacional-dos-tecnicos-em-educacao-superior-e-debatida-na-ce	html
0560	IMP1-057	https://www.poder360.com.br/educacao/apesar-de-acordo-com-o-governo-55-universidades-seguem-em-greve/	html
0561	IMP1-058	https://www.poder360.com.br/educacao/professores-decidem-encerrar-greve-em-faculdades-federais/	html
0562	IMP1-059	https://www.poder360.com.br/educacao/governo-e-entidades-da-educacao-assinam-acordo-para-encerrar-greve/	html
0563	IMP1-060	https://www12.senado.leg.br/noticias/materias/2024/05/29/reajuste-de-servidores-federais-do-executivo-vai-a-sancao	html
0564	IMP1-061	https://www12.senado.leg.br/noticias/materias/2025/05/28/senado-confirma-reajuste-para-servidores-do-executivo-federal-que-vai-a-sancao	html
0565	IMP1-U01	https://agenciabrasil.ebc.com.br/economia/noticia/2024-05/greve-professores-de-universidades-se-dividem-sobre-aceitar-proposta	html
0566	IMP1-U02	https://agenciabrasil.ebc.com.br/economia/noticia/2023-07/saude-e-educacao-concentram-metade-de-novo-bloqueio-no-orcamento	html
0567	IMP1-U03	https://agenciabrasil.ebc.com.br/educacao/noticia/2026-06/governo-fixa-em-r-51-mil-novo-piso-nacional-do-magisterio	html
0568	IMP1-U04	https://www.poder360.com.br/poder-congresso/camara-aprova-alta-de-54-no-piso-dos-professores-da-educacao-basica/	html
0569	IMP1-U05	https://www.poder360.com.br/poder-governo/lula-sanciona-piso-salarial-para-professores-da-educacao-basica/	html
0570	IMP1-U06	https://www.poder360.com.br/educacao/com-protesto-e-greve-lula-anuncia-r-55-bi-do-pac-para-federais/	html
0571	IMP1-U07	https://www.poder360.com.br/educacao/professores-universitarios-retomam-atividades-apos-70-dias-de-greve/	html
0572	IMP1-U08	https://agenciabrasil.ebc.com.br/economia/noticia/2024-09/governo-descongela-r-17-bilhao-do-orcamento-de-2024	html
0573	IMP1-U09	https://agenciabrasil.ebc.com.br/economia/noticia/2026-09/contencao-no-orcamento-e-reduzida-de-r-179-bi-para-r-161-bi	html
0574	IMP1-U10	https://www.poder360.com.br/poder-economia/novo-piso-dos-professores-tera-impacto-de-r-16-bi-para-municipios/	html
0575	IMP2-001	https://agenciabrasil.ebc.com.br/educacao/noticia/2019-07/mec-pretende-implantar-no-pa%C3%ADs-108-escolas-c%C3%ADvico-militares-ate-2023	html
0576	IMP2-002	https://agenciabrasil.ebc.com.br/educacao/noticia/2020-02/weintraub-divulga-escolas-civico-militares-para-2020	html
0577	IMP2-003	https://agenciabrasil.ebc.com.br/educacao/noticia/2020-12/governo-preve-adesao-de-54-escolas-ao-modelo-civico-militar-em-2021	html
0578	IMP2-004	https://agenciabrasil.ebc.com.br/politica/noticia/2021-11/governo-preve-implantacao-de-216-escolas-civico-militares-ate-2022	html
0579	IMP2-005	https://agenciabrasil.ebc.com.br/educacao/noticia/2022-05/mec-lanca-relatorio-com-52-acoes-na-educacao-basica	html
0580	IMP2-006	https://www.poder360.com.br/educacao/escolas-civico-militares-vao-continuar-em-ao-menos-19-ufs/	html
0581	IMP2-007	https://agenciabrasil.ebc.com.br/educacao/noticia/2023-07/governo-federal-vai-encerrar-programa-de-escolas-civico-militares	html
0582	IMP2-008	https://agenciabrasil.ebc.com.br/educacao/noticia/2023-07/publicado-decreto-que-revoga-programa-escolas-civico-militares	html
0583	IMP2-009	https://www.poder360.com.br/educacao/governo-oficializa-fim-do-programa-de-escolas-civico-militares/	html
0584	IMP2-010	https://www12.senado.leg.br/noticias/materias/2020/12/02/senadores-elogiam-liminar-que-suspende-decreto-sobre-educacao-especial	html
0585	IMP2-011	https://www.poder360.com.br/educacao/mec-defende-educacao-especial-para-criancas-com-deficiencia/	html
0586	IMP2-012	https://www.poder360.com.br/governo/saiba-quais-sao-os-11-decretos-e-3-mps-baixadas-por-lula-apos-posse/	html
0587	IMP2-013	https://www12.senado.leg.br/noticias/materias/2023/01/04/201crevogaco201d-de-lula-atinge-decretos-que-ja-eram-alvo-do-senado	html
0588	IMP2-014	https://www12.senado.leg.br/noticias/materias/2021/03/19/vetado-projeto-que-dava-acesso-a-internet-a-alunos-e-professores-da-rede-publica	html
0589	IMP2-015	https://www12.senado.leg.br/noticias/materias/2021/05/27/auxilio-para-internet-em-escolas-publicas-e-um-dos-18-vetos-na-pauta-do-congresso	html
0590	IMP2-016	https://www12.senado.leg.br/noticias/materias/2021/06/01/congresso-derruba-veto-e-confirma-r-3-5-bi-para-internet-de-alunos-e-professores-da-rede-publica	html
0591	IMP2-017	https://www12.senado.leg.br/noticias/audios/2022/01/liberados-mais-de-r-3-5-bi-para-internet-de-professores-e-alunos-de-escolas-publicas	html
0592	IMP2-018	https://www.poder360.com.br/governo/governo-quer-manter-fundeb-em-2021-igual-ao-de-2020-e-aumentar-so-em-2022/	html
0593	IMP2-019	https://www.poder360.com.br/brasil/camara-aprova-pec-que-aumenta-verbas-da-uniao-para-a-educacao-basica/	html
0594	IMP2-020	https://www.poder360.com.br/governo/fundeb-e-vitoria-do-governo-em-comum-acordo-com-congresso-diz-bolsonaro/	html
0595	IMP2-021	https://www12.senado.leg.br/noticias/materias/2020/08/25/pec-do-fundeb-permanente-e-aprovada-no-senado-por-unanimidade	html
0596	IMP2-022	https://www12.senado.leg.br/noticias/materias/2020/09/29/senadores-criticam-proposta-de-tirar-dinheiro-do-fundeb-para-o-renda-cidada	html
0597	IMP2-023	https://www12.senado.leg.br/noticias/materias/2020/12/28/senadores-celebram-novo-fundeb-sancionado-sem-vetos	html
0598	IMP2-024	https://www.poder360.com.br/governo/bolsonaro-sanciona-sem-vetos-a-lei-que-regulamenta-o-fundeb/	html
0599	IMP2-025	https://www12.senado.leg.br/noticias/materias/2020/06/02/perde-eficacia-mp-que-mudava-eleicao-de-reitores-de-universidades-federais	html
0600	IMP2-026	https://www.poder360.com.br/governo/mp-de-bolsonaro-da-a-weintraub-poder-para-escolher-reitores-universitarios/	html
0601	IMP2-027	https://www12.senado.leg.br/noticias/audios/2020/06/davi-alcolumbre-devolve-mp-que-permitia-ao-governo-indicar-reitores-sem-eleicao	html
0602	IMP2-028	https://www.poder360.com.br/governo/ministerio-da-educacao-tera-fundo-de-r-1026-bi-para-universidades-federais/	html
0603	IMP2-029	https://www.poder360.com.br/congresso/camara-conclui-projeto-que-autoriza-a-educacao-domiciliar/	html
0604	IMP2-030	https://www12.senado.leg.br/noticias/materias/2024/08/01/reforma-do-novo-ensino-medio-e-sancionada-com-veto-a-mudanca-no-enem	html
0605	IMP2-031	https://www12.senado.leg.br/noticias/materias/2023/11/14/sancionada-ampliacao-da-lei-de-cotas	html
0606	IMP2-032	https://www.poder360.com.br/poder-educacao/cotas-avancam-nas-vagas-para-enem-em-universidades-publicas/	html
0607	IMP2-033	https://www12.senado.leg.br/noticias/materias/2025/01/14/sancionada-lei-que-restringe-uso-de-celular-em-escolas-de-todo-o-pais	html
0608	IMP2-034	https://www12.senado.leg.br/noticias/materias/2026/04/15/novo-plano-nacional-de-educacao-e-sancionado-e-entra-em-vigor	html
0609	IMP2-035	https://www12.senado.leg.br/noticias/materias/2026/07/16/educacao-senado-aprovou-novo-pne-piso-do-professor-e-expansao-do-ensino-federal	html
0610	IMP2-036	https://www12.senado.leg.br/noticias/materias/2026/03/31/lei-reestrutura-carreiras-do-servico-publico-federal	html
0611	IMP2-037	https://www12.senado.leg.br/noticias/materias/2026/03/10/senado-aprova-reestruturacao-de-carreiras-federais-com-13-mil-novos-professores	html
0612	IMP2-038	https://www12.senado.leg.br/noticias/materias/2026/05/29/universidade-federal-indigena-e-criada-com-sede-em-brasilia	html
0613	IMP2-039	https://www.poder360.com.br/poder-governo/lula-sanciona-criacao-de-universidade-federal-indigena/	html
0614	IMP2-040	https://www12.senado.leg.br/noticias/materias/2026/07/03/brasil-ganha-primeira-universidade-federal-dedicada-ao-esporte	html
0615	IMP2-041	https://www12.senado.leg.br/noticias/materias/2026/07/31/vetada-criacao-de-universidade-federal-no-norte-do-amapa	html
0616	IMP2-042	https://www12.senado.leg.br/noticias/materias/2026/09/25/lei-cria-a-universidade-federal-da-fronteira-do-norte	html
0617	IMP2-044	https://www12.senado.leg.br/noticias/materias/2020/11/13/dia-nacional-da-alfabetizacao-senadores-lamentam-situacao-da-educacao-durante-a-pandemia	html
0618	IMP2-045	https://agenciabrasil.ebc.com.br/educacao/noticia/2020-02/mec-lanca-programa-para-aprimorar-alfabetizacao	html
0619	IMP2-046	https://agenciabrasil.ebc.com.br/educacao/noticia/2021-09/tempo-de-aprender-termina-hoje-prazo-para-apresentar-plano-de-gestao	html
0620	IMP2-047	https://www12.senado.leg.br/noticias/materias/2021/07/02/sancionada-politica-de-expansao-da-internet-de-alta-velocidade-em-escolas	html
0621	IMP2-048	https://www12.senado.leg.br/noticias/materias/2021/09/27/derrubado-veto-a-recursos-para-internet-nas-escolas	html
0622	IMP2-049	https://www12.senado.leg.br/noticias/materias/2020/05/20/senadores-comemoram-adiamento-do-enem	html
0623	IMP2-050	https://www.poder360.com.br/brasil/inep-anuncia-adiamento-do-enem-por-ate-60-dias/	html
0624	IMP2-051	https://www12.senado.leg.br/noticias/materias/2021/01/11/bancada-do-pt-no-congresso-pede-novo-adiamento-do-enem	html
0625	IMP2-052	https://www12.senado.leg.br/noticias/materias/2020/07/08/chega-ao-senado-mp-que-flexibiliza-dias-letivos-obrigatorios-na-educacao	html
0626	IMP2-053	https://www.poder360.com.br/governo/mec-sinaliza-que-pode-suspender-enem-em-2021-por-falta-de-recursos/	html
0627	IMP2-054	https://www.poder360.com.br/governo/weintraub-diz-que-erro-na-correcao-do-enem-afetou-6-000-candidatos/	html
0628	IMP2-055	https://www12.senado.leg.br/noticias/materias/2022/01/03/mp-concede-abatimento-de-ate-92-em-dividas-do-fies	html
0629	IMP2-056	https://www12.senado.leg.br/noticias/materias/2022/06/22/com-veto-bolsonaro-sanciona-lei-que-reduz-em-ate-99-dividas-do-fies	html
0630	IMP2-057	https://www12.senado.leg.br/noticias/materias/2024/01/17/sancionada-poupanca-para-estudante-de-baixa-renda-matriculado-no-ensino-medio	html
0631	IMP2-058	https://www.cnnbrasil.com.br/educacao/apos-pe-de-meia-abandono-do-ensino-medio-chega-a-menor-nivel-desde-2007/	html
0632	IMP2-059	https://www.poder360.com.br/poder-educacao/pe-de-meia-nascidos-em-novembro-e-dezembro-recebem-parcela-de-r-200/	html
0633	IMP2-062	https://www.cnnbrasil.com.br/educacao/mec-estuda-remanejar-recursos-para-ensino-integral-apos-queda-de-matriculas/	html
0634	IMP2-063	https://www12.senado.leg.br/noticias/materias/2023/08/01/programa-escola-em-tempo-integral-e-sancionado-com-vetos	html
0635	IMP2-064	https://www12.senado.leg.br/noticias/materias/2026/04/28/camilo-santana-faz-balanco-das-acoes-do-governo-federal-na-educacao	html
0636	IMP2-066|IMP3-016	https://www.cnnbrasil.com.br/educacao/brasil-atinge-meta-com-66-das-criancas-alfabetizadas-em-idade-certa/	html
0637	IMP2-067|IMP3-014	https://www.poder360.com.br/poder-educacao/brasil-supera-meta-de-alfabetizacao-de-criancas-em-2025/	html
0638	IMP2-068	https://www12.senado.leg.br/noticias/materias/2023/11/06/lei-retoma-obras-paralisadas-na-saude-e-educacao	html
0639	IMP2-069	https://www.poder360.com.br/congresso/senado-aprova-projeto-para-retomada-das-obras-de-educacao/	html
0640	IMP2-070	https://www12.senado.leg.br/noticias/videos/2023/10/senado-aprova-retomada-de-obras-em-escolas-e-renegociacao-de-dividas-do-fies	html
0641	IMP2-NL01	https://agenciabrasil.ebc.com.br/tags/escolas-civico-militares?page=3	html
0642	IMP2-NL02	https://agenciabrasil.ebc.com.br/tags/educacao-conectada	html
0643	IMP2-NL03	https://www.poder360.com.br/brasil/weintraub-divulga-lista-das-54-escolas-civico-militares-de-2020/	html
0644	IMP2-NL04	https://www.poder360.com.br/governo/governo-preve-implantar-216-escolas-civico-militares-ate-2023/	html
0645	IMP2-NL05	https://www.poder360.com.br/educacao/mec-anuncia-enem-em-17-e-24-de-janeiro-de-2021/	html
0646	IMP2-NL06	https://www12.senado.leg.br/noticias/materias/2026/09/03/transformacao-de-cefets-de-minas-e-do-rj-em-universidades-federais-vai-a-sancao	html
0647	IMP2-NL07	https://www.poder360.com.br/poder-governo/lula-envia-ao-congresso-pls-de-universidades-indigena-e-do-esporte/	html
0648	IMP3-001|RES2-008	https://agenciabrasil.ebc.com.br/educacao/noticia/2020-09/brasil-avanca-no-ideb-mas-apenas-ensino-fundamental-cumpre-meta	html
0649	IMP3-002|RES2-008	https://agenciabrasil.ebc.com.br/educacao/noticia/2020-09/ensino-medio-tem-maior-salto-de-qualidade-desde-2005	html
0650	IMP3-003	https://www.poder360.com.br/brasil/educacao-inicial-tem-melhora-mas-anos-finais-nao-alcancam-meta-do-mec/	html
0651	IMP3-004|RES2-011	https://agenciabrasil.ebc.com.br/educacao/noticia/2024-08/ideb-cresce-e-mostra-aumento-da-qualidade-da-educacao-basica	html
0652	IMP3-005	https://www.gazetadopovo.com.br/educacao/ideb-escolas-encerram-2025-sem-atingir-metas-previstas-2021/	html
0653	IMP3-006	https://www.gazetadopovo.com.br/educacao/ideb-melhora-mas-avanco-e-puxado-pela-alta-aprovacao-nas-escolas/	html
0654	IMP3-007	https://www.poder360.com.br/poder-educacao/ideb-registra-melhora-no-ensino-fundamental-e-medio-em-2025/	html
0655	IMP3-008	https://agenciabrasil.ebc.com.br/educacao/noticia/2026-08/ideb-mostra-avanco-da-educacao-basica-no-pais	html
0656	IMP3-009	https://www.poder360.com.br/poder-educacao/nota-em-matematica-no-ensino-medio-ainda-nao-voltou-ao-pre-pandemia/	html
0657	IMP3-010	https://www.poder360.com.br/educacao/brasil-esta-entre-os-17-paises-com-pior-nota-em-matematica-da-ocde/	html
0658	IMP3-011	https://www.poder360.com.br/educacao/resultado-do-pisa-reflete-esforco-coletivo-na-pandemia-diz-camilo/	html
0659	IMP3-012	https://www.cnnbrasil.com.br/educacao/pisa-2025-brasil-esta-abaixo-de-media-mundial-em-aprendizado/	html
0660	IMP3-013	https://www.poder360.com.br/poder-educacao/educacao-no-brasil-avanca-mas-segue-distante-da-media-da-ocde/	html
0661	IMP3-015	https://www.cnnbrasil.com.br/educacao/inep-divulga-microdados-do-indicador-crianca-alfabetizada/	html
0662	IMP3-017	https://agenciabrasil.ebc.com.br/educacao/noticia/2025-04/taxa-de-alfabetizacao-era-de-493-no-brasil-em-2023-diz-inep	html
0663	IMP3-018	https://www12.senado.leg.br/noticias/materias/2025/11/04/compromisso-nacional-pela-alfabetizacao-na-idade-certa-agora-e-lei	html
0664	IMP3-019	https://www12.senado.leg.br/noticias/materias/2021/12/06/recuperacao-dos-prejuizos-na-educacao-por-conta-da-pandemia-sera-lenta-conclui-debate	html
0665	IMP3-020	https://www.poder360.com.br/educacao/um-em-cada-5-alunos-estuda-em-tempo-integral-diz-censo-escolar/	html
0666	IMP3-021	https://www12.senado.leg.br/noticias/audios/2025/04/dados-do-censo-escolar-sobre-ensino-integral-podem-subsidiar-novo-pne	html
0667	IMP3-022	https://www12.senado.leg.br/noticias/materias/2026/08/18/debate-na-ce-aponta-avanco-de-tempo-integral-e-desafios-para-garantir-qualidade	html
0668	IMP3-023	https://www.poder360.com.br/poder-educacao/brasil-tem-queda-de-1-milhao-de-alunos-na-educacao-basica-diz-censo/	html
0669	IMP3-024	https://agenciabrasil.ebc.com.br/educacao/noticia/2021-01/censo-escolar-2020-aponta-reducao-de-matriculas-no-ensino-basico	html
0670	IMP3-025	https://agenciabrasil.ebc.com.br/educacao/noticia/2020-10/censo-mostra-que-ensino-distancia-ganha-espaco-no-ensino-superior	html
0671	IMP3-026	https://www12.senado.leg.br/noticias/audios/2020/10/cada-vez-mais-alunos-optam-pelo-ensino-a-distancia-no-ensino-superior	html
0672	IMP3-027	https://www12.senado.leg.br/noticias/materias/2024/09/09/pne-especialistas-debatem-evasao-ia-e-autonomia-financeira-para-universidades-publicas	html
0673	IMP3-028	https://www.poder360.com.br/poder-educacao/brasil-tem-maior-numero-de-aluno-por-professor-em-faculdades-privadas/	html
0674	IMP3-029	https://www.poder360.com.br/poder-educacao/ensino-a-distancia-supera-o-presencial-pela-1a-vez-na-graduacao/	html
0675	IMP3-030	https://www.poder360.com.br/poder-educacao/censo-conclusao-da-graduacao-nas-federais-e-maior-entre-cotistas/	html
0676	IMP3-031	https://www12.senado.leg.br/noticias/materias/2020/08/13/senado-aprova-projeto-que-fortalece-fundo-cientifico-e-tecnologico-texto-vai-a-camara	html
0677	IMP3-032	https://www12.senado.leg.br/noticias/materias/2020/08/17/parlamentares-defendem-mobilizacao-por-projeto-que-fortalece-fundo-cientifico	html
0678	IMP3-033	https://www12.senado.leg.br/noticias/materias/2021/03/17/derrubados-vetos-relacionados-a-fundos-de-energia-telecomunicacoes-e-inovacao-tecnologica	html
0679	IMP3-034	https://www12.senado.leg.br/noticias/materias/2023/10/24/senado-aprova-atualizacao-da-lei-de-cotas	html
0680	IMP3-035	https://www12.senado.leg.br/noticias/materias/2023/10/18/projeto-que-reformula-lei-de-cotas-vai-a-plenario	html
0681	IMP3-036	https://www.poder360.com.br/congresso/senado-torna-definitiva-politica-de-cotas-no-ensino-superior/	html
0682	IMP3-037	https://www12.senado.leg.br/noticias/materias/2020/09/17/simbolos-nacionais-representam-a-identidade-de-uma-nacao-diz-consultor	html
0683	IMP3-038	https://www12.senado.leg.br/noticias/materias/2022/01/24/comissao-de-educacao-comeca-o-ano-com-59-projetos-prontos-para-votacao	html
0684	IMP3-039	https://www12.senado.leg.br/noticias/materias/2024/11/26/aumento-de-pena-para-crime-cometido-em-escola-avanca	html
0685	IMP3-040	https://www12.senado.leg.br/noticias/materias/2024/12/10/csp-aprova-obrigacao-de-alarme-conectado-com-a-policia-nas-escolas	html
0686	IMP3-041	https://www12.senado.leg.br/noticias/materias/2025/06/10/avanca-criacao-de-exigencias-para-contratacao-de-funcionarios-de-escolas	html
0687	IMP3-042	https://www.poder360.com.br/poder-governo/lula-diz-que-brasil-nao-precisa-de-escola-civico-militar/	html
0688	IMP3-043	https://www.poder360.com.br/poder-eleicoes-2026/eleicoes-2026-compare-os-planos-de-governo-de-lula-e-flavio/	html
0689	IMP3-NL01	https://agenciabrasil.ebc.com.br/tags/inep?page=22	html
0690	IMP3-NL02	https://agenciabrasil.ebc.com.br/tags/inep?page=27	html
0691	IMP3-NL03	https://agenciabrasil.ebc.com.br/tags/ocde?page=4	html
0692	IMP3-NL04|RES2-010	https://agenciabrasil.ebc.com.br/educacao/noticia/2022-09/em-meio-pandemia-aprendizagem-cai-nas-escolas-do-pais	html
0693	NOR-002|PRO-004	https://www.planalto.gov.br/ccivil_03/_ato2023-2026/2023/decreto/D11556.htm	html
0694	NOR-003|PRO-001	https://www.planalto.gov.br/ccivil_03/_ato2019-2022/2019/decreto/D10004.htm	html
0695	NOR-004|PRO-002	https://www.planalto.gov.br/ccivil_03/_ato2023-2026/2023/decreto/D11611.htm	html
0696	NOR-005|NOR2-024	https://www.planalto.gov.br/ccivil_03/_ato2019-2022/2020/decreto/D10502.htm	html
0697	NOR-006	https://www.planalto.gov.br/ccivil_03/_ato2023-2026/2023/decreto/D11370.htm	html
0698	NOR-007	https://legis.senado.leg.br/dadosabertos/materia/MPV/914/2019	html
0699	NOR-008	https://www.planalto.gov.br/ccivil_03/_ato2019-2022/2020/mpv/mpv981.htm	html
0700	NOR-008	https://legis.senado.leg.br/dadosabertos/materia/MPV/979/2020	html
0701	NOR-009	https://www.planalto.gov.br/ccivil_03/_ato2019-2022/2019/decreto/D9725.htm	html
0702	NOR-010|NOR2-017	https://www.planalto.gov.br/ccivil_03/leis/l5540.htm	html
0703	NOR-010	https://www.planalto.gov.br/ccivil_03/_ato2007-2010/2008/lei/l11892.htm	html
0704	NOR-010	https://www.lexml.gov.br/urn/urn:lex:br:federal:lei:2026-03-30;15367	html
0705	NOR-010	http://legis.senado.leg.br/norma/42966204/publicacao/42972730	html
0706	NOR-010|NOR2-018	https://dadosabertos.camara.leg.br/api/v2/proposicoes/2585316/tramitacoes	html
0707	NOR-010	https://dadosabertos.camara.leg.br/api/v2/proposicoes/2585316/autores	html
0708	NOR-010	https://dadosabertos.camara.leg.br/api/v2/proposicoes/2592447	html
0709	NOR-011	https://legis.senado.leg.br/dadosabertos/materia/pesquisa/lista?sigla=MPV&ano=2019	html
0710	NOR-011	https://legis.senado.leg.br/dadosabertos/materia/pesquisa/lista?sigla=MPV&ano=2020	html
0711	NOR-011	https://legis.senado.leg.br/dadosabertos/materia/pesquisa/lista?sigla=MPV&ano=2021	html
0712	NOR-011	https://legis.senado.leg.br/dadosabertos/materia/pesquisa/lista?sigla=MPV&ano=2022	html
0713	NOR-011	https://legis.senado.leg.br/dadosabertos/materia/MPV/934/2020	html
0714	NOR-011	https://legis.senado.leg.br/dadosabertos/materia/MPV/1060/2021	html
0715	NOR-011	https://legis.senado.leg.br/dadosabertos/materia/MPV/1075/2021	html
0716	NOR-011	https://legis.senado.leg.br/dadosabertos/materia/MPV/1090/2021	html
0717	NOR-011	https://legis.senado.leg.br/dadosabertos/materia/MPV/1136/2022	html
0718	NOR-011	https://legis.senado.leg.br/dadosabertos/materia/MPV/1140/2022	html
0719	NOR-012	https://legis.senado.leg.br/dadosabertos/materia/pesquisa/lista?sigla=MPV&ano=2023	html
0720	NOR-012	https://legis.senado.leg.br/dadosabertos/materia/pesquisa/lista?sigla=MPV&ano=2024	html
0721	NOR-012	https://legis.senado.leg.br/dadosabertos/materia/pesquisa/lista?sigla=MPV&ano=2025	html
0722	NOR-012	https://legis.senado.leg.br/dadosabertos/materia/pesquisa/lista?sigla=MPV&ano=2026	html
0723	NOR-012	https://legis.senado.leg.br/dadosabertos/materia/MPV/1174/2023	html
0724	NOR-012	https://legis.senado.leg.br/dadosabertos/materia/MPV/1198/2023	html
0725	NOR-012	https://legis.senado.leg.br/dadosabertos/materia/MPV/1334/2026	html
0726	NOR-013	https://legis.senado.leg.br/dadosabertos/materia/pesquisa/lista?sigla=VET&ano=2019	html
0727	NOR-013	https://legis.senado.leg.br/dadosabertos/materia/pesquisa/lista?sigla=VET&ano=2020	html
0728	NOR-013	https://legis.senado.leg.br/dadosabertos/materia/pesquisa/lista?sigla=VET&ano=2021	html
0729	NOR-013	https://legis.senado.leg.br/dadosabertos/materia/pesquisa/lista?sigla=VET&ano=2022	html
0730	NOR-013	https://legis.senado.leg.br/dadosabertos/materia/VET/37/2019	html
0731	NOR-013	https://legis.senado.leg.br/dadosabertos/materia/VET/54/2019	html
0732	NOR-013	https://legis.senado.leg.br/dadosabertos/materia/VET/28/2020	html
0733	NOR-013	https://legis.senado.leg.br/dadosabertos/materia/VET/39/2020	html
0734	NOR-013	https://legis.senado.leg.br/dadosabertos/materia/VET/2/2021	html
0735	NOR-013	https://legis.senado.leg.br/dadosabertos/materia/VET/10/2021	html
0736	NOR-013	https://legis.senado.leg.br/dadosabertos/materia/VET/34/2021	html
0737	NOR-013	https://legis.senado.leg.br/dadosabertos/materia/VET/59/2021	html
0738	NOR-013	https://legis.senado.leg.br/dadosabertos/materia/VET/69/2021	html
0739	NOR-013	https://legis.senado.leg.br/dadosabertos/materia/VET/13/2022	html
0740	NOR-013	https://legis.senado.leg.br/dadosabertos/materia/VET/33/2022	html
0741	NOR-013	https://legis.senado.leg.br/dadosabertos/materia/VET/34/2022	html
0742	NOR-014	https://legis.senado.leg.br/dadosabertos/materia/pesquisa/lista?sigla=VET&ano=2023	html
0743	NOR-014	https://legis.senado.leg.br/dadosabertos/materia/pesquisa/lista?sigla=VET&ano=2024	html
0744	NOR-014	https://legis.senado.leg.br/dadosabertos/materia/pesquisa/lista?sigla=VET&ano=2025	html
0745	NOR-014	https://legis.senado.leg.br/dadosabertos/materia/pesquisa/lista?sigla=VET&ano=2026	html
0746	NOR-014	https://legis.senado.leg.br/dadosabertos/materia/VET/3/2023	html
0747	NOR-014	https://legis.senado.leg.br/dadosabertos/materia/VET/19/2023	html
0748	NOR-014	https://legis.senado.leg.br/dadosabertos/materia/VET/21/2023	html
0749	NOR-014	https://legis.senado.leg.br/dadosabertos/materia/VET/29/2023	html
0750	NOR-014	https://legis.senado.leg.br/dadosabertos/materia/VET/37/2023	html
0751	NOR-014	https://legis.senado.leg.br/dadosabertos/materia/VET/3/2024	html
0752	NOR-014	https://legis.senado.leg.br/dadosabertos/materia/VET/6/2024	html
0753	NOR-014	https://legis.senado.leg.br/dadosabertos/materia/VET/13/2024	html
0754	NOR-014	https://legis.senado.leg.br/dadosabertos/materia/VET/17/2024	html
0755	NOR-014	https://legis.senado.leg.br/dadosabertos/materia/VET/18/2024	html
0756	NOR-014	https://legis.senado.leg.br/dadosabertos/materia/VET/22/2024	html
0757	NOR-014	https://legis.senado.leg.br/dadosabertos/materia/VET/37/2025	html
0758	NOR-014	https://legis.senado.leg.br/dadosabertos/materia/VET/43/2025	html
0759	NOR-014	https://legis.senado.leg.br/dadosabertos/materia/VET/41/2026	html
0760	NOR-014	https://legis.senado.leg.br/dadosabertos/materia/VET/42/2026	html
0761	NOR-014	https://legis.senado.leg.br/dadosabertos/materia/VET/53/2026	html
0762	NOR-015	https://www.planalto.gov.br/ccivil_03/_ato2019-2022/2019/lei/L13935.htm	html
0763	NOR-017	https://dadosabertos.camara.leg.br/api/v2/proposicoes/1198512/votacoes	html
0764	NOR-017	https://dadosabertos.camara.leg.br/api/v2/votacoes/1198512-250/orientacoes	html
0765	NOR-018	https://www.planalto.gov.br/ccivil_03/_ato2019-2022/2020/lei/L14113.htm	html
0766	NOR-018	https://www.planalto.gov.br/ccivil_03/_ato2019-2022/2021/decreto/D10656.htm	html
0767	NOR-019|PRO-010	https://www.planalto.gov.br/ccivil_03/_ato2019-2022/2021/lei/L14172.htm	html
0768	NOR-019	https://www.planalto.gov.br/ccivil_03/_ato2019-2022/2022/lei/L14351.htm	html
0769	NOR-020	https://www.planalto.gov.br/ccivil_03/_ato2019-2022/2021/lei/L14191.htm	html
0770	NOR-021|PRO2-012	https://www.planalto.gov.br/ccivil_03/_ato2019-2022/2022/lei/L14350.htm	html
0771	NOR-022	https://www.planalto.gov.br/ccivil_03/_ato2023-2026/2023/lei/L14533.htm	html
0772	NOR-023	https://www.planalto.gov.br/ccivil_03/_ato2023-2026/2023/lei/L14540.htm	html
0773	NOR-024|PRO-020	https://www.planalto.gov.br/ccivil_03/_ato2023-2026/2023/lei/L14640.htm	html
0774	NOR-025	https://www.planalto.gov.br/ccivil_03/_ato2023-2026/2023/lei/L14723.htm	html
0775	NOR-025	https://dadosabertos.camara.leg.br/api/v2/proposicoes/2266069/votacoes	html
0776	NOR-025	https://dadosabertos.camara.leg.br/api/v2/votacoes/2266069-109/orientacoes	html
0777	NOR-026|PRO-022	https://www.planalto.gov.br/ccivil_03/_ato2023-2026/2024/lei/L14818.htm	html
0778	NOR-027|PRO-030	https://www.planalto.gov.br/ccivil_03/_ato2023-2026/2024/lei/L14945.htm	html
0779	NOR-027|PRO-037	https://dadosabertos.camara.leg.br/api/v2/proposicoes/2399598/autores	html
0780	NOR-027	https://dadosabertos.camara.leg.br/api/v2/proposicoes/2399598/votacoes	html
0781	NOR-027	https://dadosabertos.camara.leg.br/api/v2/votacoes/2399598-112/orientacoes	html
0782	NOR-028	https://www.planalto.gov.br/ccivil_03/_ato2023-2026/2024/lei/L14934.htm	html
0783	NOR-028	https://www.planalto.gov.br/ccivil_03/_ato2011-2014/2014/lei/l13005.htm	html
0784	NOR-029	https://www.planalto.gov.br/ccivil_03/_ato2023-2026/2026/lei/L15388.htm	html
0785	NOR-029	https://dadosabertos.camara.leg.br/api/v2/proposicoes/2443764	html
0786	NOR-029	https://dadosabertos.camara.leg.br/api/v2/proposicoes/2443764/autores	html
0787	NOR-029	https://dadosabertos.camara.leg.br/api/v2/proposicoes/2443764/tramitacoes?dataInicio=2025-12-01	html
0788	NOR-030	https://www.planalto.gov.br/ccivil_03/_ato2023-2026/2025/lei/L15100.htm	html
0789	NOR-031	https://www.planalto.gov.br/ccivil_03/_ato2023-2026/2026/lei/L15437.htm	html
0790	NOR-032	https://www.planalto.gov.br/ccivil_03/leis/lcp/Lcp220.htm	html
0791	NOR-033	https://www.planalto.gov.br/ccivil_03/_ato2023-2026/2025/decreto/D12456.htm	html
0792	NOR-034	https://www.planalto.gov.br/ccivil_03/_ato2023-2026/2025/decreto/D12686.htm	html
0793	NOR-034	https://www.planalto.gov.br/ccivil_03/_ato2023-2026/2025/decreto/D12773.htm	html
0794	NOR-035	https://dadosabertos.camara.leg.br/api/v2/proposicoes/2198615	html
0795	NOR-035	https://dadosabertos.camara.leg.br/api/v2/proposicoes/2198615/autores	html
0796	NOR-035|PRO-008	https://dadosabertos.camara.leg.br/api/v2/proposicoes/2254321	html
0797	NOR-035	https://dadosabertos.camara.leg.br/api/v2/proposicoes/2254321/autores	html
0798	NOR-035	https://legis.senado.leg.br/dadosabertos/materia/PL/1338/2022	html
0799	NOR-036	https://www.planalto.gov.br/ccivil_03/_ato2023-2026/2026/lei/L15518.htm	html
0800	NOR-010|NOR2-018	https://www.camara.leg.br/proposicoesWeb/prop_mostrarintegra?codteor=3059582	pdf
0801	NOR-029|RES2-ALT	https://www.camara.leg.br/proposicoesWeb/prop_mostrarintegra?codteor=2443432	pdf
0802	NOR-010	http://pesquisa.in.gov.br/imprensa/jsp/visualiza/index.jsp?jornal=515&pagina=5&data=31/03/2026	pdf
0803	NOR2-001	https://dadosabertos.camara.leg.br/api/v2/proposicoes?siglaTipo=PL&codTema=46&autor=Poder%20Executivo&ano=2019,2020,2021,2022,2023,2024,2025,2026&itens=100	json
0804	NOR2-002	https://dadosabertos.camara.leg.br/api/v2/proposicoes?siglaTipo=PLP&codTema=46&autor=Poder%20Executivo&ano=2019,2020,2021,2022,2023,2024,2025,2026&itens=100	json
0805	NOR2-002	https://dadosabertos.camara.leg.br/api/v2/proposicoes?siglaTipo=PL,PLP&codTema=62&autor=Poder%20Executivo&ano=2019,2020,2021,2022,2023,2024,2025,2026&itens=100	json
0806	NOR2-001	https://dadosabertos.camara.leg.br/api/v2/proposicoes?siglaTipo=PL&autor=Poder%20Executivo&ano=2019,2020,2021,2022&itens=100&pagina=1	json
0807	NOR2-001	https://dadosabertos.camara.leg.br/api/v2/proposicoes?siglaTipo=PL&autor=Poder%20Executivo&ano=2019,2020,2021,2022&itens=100&pagina=2	json
0808	NOR2-001	https://dadosabertos.camara.leg.br/api/v2/proposicoes?siglaTipo=PL&autor=Poder%20Executivo&ano=2023,2024,2025,2026&itens=100&pagina=1	json
0809	NOR2-003|PRO2-003	https://dadosabertos.camara.leg.br/api/v2/proposicoes/2190325/tramitacoes	json
0810	NOR2-003|PRO2-003	https://www.camara.leg.br/proposicoesWeb/prop_mostrarintegra?codteor=1703735	pdf
0811	NOR2-004	https://dadosabertos.camara.leg.br/api/v2/proposicoes/2264626/tramitacoes	json
0812	NOR2-004	https://www.planalto.gov.br/ccivil_03/_ato2019-2022/2022/lei/L14296.htm	html
0813	NOR2-005	https://dadosabertos.camara.leg.br/api/v2/proposicoes/2264628	json
0814	NOR2-005	https://dadosabertos.camara.leg.br/api/v2/proposicoes/2314408	json
0815	NOR2-005	https://dadosabertos.camara.leg.br/api/v2/proposicoes/2345482	json
0816	NOR2-005	https://dadosabertos.camara.leg.br/api/v2/proposicoes/2230646	json
0817	NOR2-005	https://dadosabertos.camara.leg.br/api/v2/proposicoes/2230650	json
0818	NOR2-006	https://dadosabertos.camara.leg.br/api/v2/proposicoes/2408364	json
0819	NOR2-007	https://dadosabertos.camara.leg.br/api/v2/proposicoes/2362716/tramitacoes	json
0820	NOR2-008	https://dadosabertos.camara.leg.br/api/v2/proposicoes/2374350/tramitacoes	json
0821	NOR2-008	https://www.planalto.gov.br/ccivil_03/_ato2023-2026/2025/lei/L15159.htm	html
0822	NOR2-009	https://dadosabertos.camara.leg.br/api/v2/proposicoes/2383286/tramitacoes	json
0823	NOR2-010	https://dadosabertos.camara.leg.br/api/v2/proposicoes/2423455	json
0824	NOR2-011	https://dadosabertos.camara.leg.br/api/v2/proposicoes/2586418	json
0825	NOR2-011|PRO2-009	https://dadosabertos.camara.leg.br/api/v2/proposicoes/2599885	json
0826	NOR2-012	https://dadosabertos.camara.leg.br/api/v2/proposicoes/2591970/tramitacoes	json
0827	NOR2-012|PRO2-005	https://www.planalto.gov.br/ccivil_03/_ato2023-2026/2026/lei/L15418.htm	html
0828	NOR2-013	https://dadosabertos.camara.leg.br/api/v2/proposicoes/2591974/tramitacoes	json
0829	NOR2-013|PRO2-006	https://www.planalto.gov.br/ccivil_03/_ato2023-2026/2026/lei/L15457.htm	html
0830	NOR2-014	https://dadosabertos.camara.leg.br/api/v2/proposicoes/2642328	json
0831	NOR2-014|PRO2-007	https://www.planalto.gov.br/ccivil_03/_ato2023-2026/2026/lei/L15520.htm	html
0832	NOR2-015	https://dadosabertos.camara.leg.br/api/v2/proposicoes/2642329	json
0833	NOR2-016	https://dadosabertos.camara.leg.br/api/v2/proposicoes/2595808	json
0834	NOR2-017	https://www.planalto.gov.br/ccivil_03/leis/l9192.htm	html
0835	NOR2-018	https://dadosabertos.camara.leg.br/api/v2/proposicoes/2585316/relacionadas	json
0836	NOR2-018	https://dadosabertos.camara.leg.br/api/v2/proposicoes/2585316/votacoes	json
0837	NOR2-018	https://www.camara.leg.br/proposicoesWeb/prop_mostrarintegra?codteor=3077607	pdf
0838	NOR2-018	https://www.camara.leg.br/proposicoesWeb/prop_mostrarintegra?codteor=3077982	pdf
0839	NOR2-018	https://www.camara.leg.br/proposicoesWeb/prop_mostrarintegra?codteor=3081443	pdf
0840	NOR2-018|PRO2-009	https://www.camara.leg.br/proposicoesWeb/prop_mostrarintegra?codteor=3047681	pdf
0841	NOR2-018	https://www.camara.leg.br/proposicoesWeb/prop_mostrarintegra?codteor=3077987	pdf
0842	NOR2-019	https://legis.senado.leg.br/dadosabertos/processo/8992942	json
0843	NOR2-019	https://legis.senado.leg.br/sdleg-getter/documento?dm=10174107	pdf
0844	NOR2-019	https://legis.senado.leg.br/sdleg-getter/documento?dm=10175095	pdf
0845	NOR2-019	https://legis.senado.gov.br/sdleg-getter/documento?dm=10155651	pdf
0846	NOR2-020	https://www.fnde.gov.br/phocadownload/financiamento/fundeb/2022/PORTARIA%20MEC%20N%2067%20DE%202022%20-%20HOMOLOGA%20PARECER%20SEB%20FIXAO%20PISO%20MAGISTRIO%202022.pdf	pdf
0847	NOR2-020	https://www.gov.br/fnde/pt-br/acesso-a-informacao/legislacao/portarias/2022/portaria-mec-no-67-de-2022	html
0848	NOR2-022	https://dadosabertos.camara.leg.br/api/v2/proposicoes?siglaTipo=RIC&codTema=46&ano=2019&itens=100&ordem=ASC&ordenarPor=id&pagina=1	json
0849	NOR2-022	https://dadosabertos.camara.leg.br/api/v2/proposicoes?siglaTipo=RIC&codTema=46&ano=2020&itens=100&ordem=ASC&ordenarPor=id&pagina=1	json
0850	NOR2-022	https://dadosabertos.camara.leg.br/api/v2/proposicoes?siglaTipo=RIC&codTema=46&ano=2021&itens=100&ordem=ASC&ordenarPor=id&pagina=1	json
0851	NOR2-022	https://dadosabertos.camara.leg.br/api/v2/proposicoes?siglaTipo=RIC&codTema=46&ano=2022&itens=100&ordem=ASC&ordenarPor=id&pagina=1	json
0852	NOR2-023	https://dadosabertos.camara.leg.br/api/v2/proposicoes?siglaTipo=RIC&codTema=46&ano=2026&itens=100&ordem=ASC&ordenarPor=id&pagina=1	json
0853	NOR2-023	https://dadosabertos.camara.leg.br/api/v2/proposicoes?siglaTipo=RIC&codTema=46&ano=2023&itens=100&ordem=ASC&ordenarPor=id&pagina=1	json
0854	NOR2-024	http://portal.stf.jus.br/processos/detalhe.asp?incidente=6036507	html
0855	NOR2-024	https://portal.stf.jus.br/processos/listarProcessos.asp?classe=ADI&numeroProcesso=6926	html
0856	NOR2-024	https://pesquisa.apps.tcu.gov.br/rest/publico/base/acordao-completo/documentosResumidos?termo=ADI%206590&quantidade=10&inicio=0	json
0857	NOR2-020	https://pesquisa.apps.tcu.gov.br/rest/publico/base/acordao-completo/documentosResumidos?termo=piso%20magist%C3%A9rio%204.420%2C55&quantidade=10&inicio=0	json
0858	PRO-005	https://pesquisa.apps.tcu.gov.br/rest/publico/base/acordao-completo/documento?termo=KEY:%22ACORDAO-COMPLETO-2766175%22&quantidade=1&inicio=0	json
0859	PRO-006	https://pesquisa.apps.tcu.gov.br/rest/publico/base/acordao-completo/documento?termo=KEY:%22ACORDAO-COMPLETO-2694029%22&quantidade=1&inicio=0	json
0860	PRO-007	https://pesquisa.apps.tcu.gov.br/rest/publico/base/acordao-completo/documento?termo=KEY:%22ACORDAO-COMPLETO-2626982%22&quantidade=1&inicio=0	json
0861	PRO-009	https://www.planalto.gov.br/ccivil_03/_ato2019-2022/2021/lei/L14180.htm	html
0862	PRO-011	https://pesquisa.apps.tcu.gov.br/rest/publico/base/acordao-completo/documento?termo=KEY:%22ACORDAO-COMPLETO-2515133%22&quantidade=1&inicio=0	json
0863	PRO-012	https://pesquisa.apps.tcu.gov.br/rest/publico/base/acordao-completo/documento?termo=KEY:%22ACORDAO-COMPLETO-2651691%22&quantidade=1&inicio=0	json
0864	PRO-013	https://www.planalto.gov.br/ccivil_03/_ato2023-2026/2023/decreto/D11713.htm	html
0865	PRO-014	https://pesquisa.apps.tcu.gov.br/rest/publico/base/acordao-completo/documento?termo=KEY:%22ACORDAO-COMPLETO-2745885%22&quantidade=1&inicio=0	json
0866	PRO-016	https://pesquisa.apps.tcu.gov.br/rest/publico/base/acordao-completo/documento?termo=KEY:%22ACORDAO-COMPLETO-2471623%22&quantidade=1&inicio=0	json
0867	PRO-017	https://pesquisa.apps.tcu.gov.br/rest/publico/base/acordao-completo/documento?termo=KEY:%22ACORDAO-COMPLETO-2416944%22&quantidade=1&inicio=0	json
0868	PRO-018	https://www.planalto.gov.br/ccivil_03/_ato2019-2022/2022/lei/L14375.htm	html
0869	PRO-019	https://pesquisa.apps.tcu.gov.br/rest/publico/base/acordao-completo/documento?termo=KEY:%22ACORDAO-COMPLETO-2653971%22&quantidade=1&inicio=0	json
0870	PRO-021	https://pesquisa.apps.tcu.gov.br/rest/publico/base/acordao-completo/documento?termo=KEY:%22ACORDAO-COMPLETO-2745828%22&quantidade=1&inicio=0	json
0871	PRO-023	https://pesquisa.apps.tcu.gov.br/rest/publico/base/acordao-completo/documentosResumidos?termo=%22p%C3%A9-de-meia%22&ordenacao=DTRELEVANCIA%20desc&quantidade=30&inicio=0	json
0872	PRO-024	https://pesquisa.apps.tcu.gov.br/rest/publico/base/acordao-completo/documento?termo=KEY:%22ACORDAO-COMPLETO-2736844%22&quantidade=1&inicio=0	json
0873	PRO-025	https://pesquisa.apps.tcu.gov.br/rest/publico/base/acordao-completo/documento?termo=KEY:%22ACORDAO-COMPLETO-2731658%22&quantidade=1&inicio=0	json
0874	PRO-026	https://www.planalto.gov.br/ccivil_03/_ato2023-2026/2025/lei/L15265.htm	html
0875	PRO-027	https://www.planalto.gov.br/ccivil_03/_ato2023-2026/2023/lei/L14719.htm	html
0876	PRO-028	https://pesquisa.apps.tcu.gov.br/rest/publico/base/acordao-completo/documento?termo=KEY:%22ACORDAO-COMPLETO-2681681%22&quantidade=1&inicio=0	json
0877	PRO-029	https://www.planalto.gov.br/ccivil_03/_ato2023-2026/2025/decreto/D12358.htm	html
0878	PRO-031	https://pesquisa.apps.tcu.gov.br/rest/publico/base/acordao-completo/documento?termo=KEY:%22ACORDAO-COMPLETO-2585400%22&quantidade=1&inicio=0	json
0879	PRO-032	https://pesquisa.apps.tcu.gov.br/rest/publico/base/acordao-completo/documento?termo=KEY:%22ACORDAO-COMPLETO-2658219%22&quantidade=1&inicio=0	json
0880	PRO-033	https://pesquisa.apps.tcu.gov.br/rest/publico/base/acordao-completo/documento?termo=KEY:%22ACORDAO-COMPLETO-2736893%22&quantidade=1&inicio=0	json
0881	PRO-034	https://pesquisa.apps.tcu.gov.br/rest/publico/base/acordao-completo/documento?termo=KEY:%22ACORDAO-COMPLETO-2763994%22&quantidade=1&inicio=0	json
0882	PRO-035	https://dadosabertos.camara.leg.br/api/v2/proposicoes/2362716/autores	json
0883	PRO-036	https://dadosabertos.camara.leg.br/api/v2/proposicoes/2268691/autores	json
0884	PRO-008	https://www.camara.leg.br/proposicoesWeb/prop_mostrarintegra?codteor=1900012	pdf
0885	PRO-023	https://pesquisa.apps.tcu.gov.br/rest/publico/base/acordao-completo/documento?termo=KEY:%22ACORDAO-COMPLETO-2697158%22&quantidade=1&inicio=0	json
0886	PRO-023	https://pesquisa.apps.tcu.gov.br/rest/publico/base/acordao-completo/documento?termo=KEY:%22ACORDAO-COMPLETO-2699850%22&quantidade=1&inicio=0	json
0887	PRO-023	https://pesquisa.apps.tcu.gov.br/rest/publico/base/acordao-completo/documento?termo=KEY:%22ACORDAO-COMPLETO-2742411%22&quantidade=1&inicio=0	json
0888	PRO-023	https://pesquisa.apps.tcu.gov.br/rest/publico/base/acordao-completo/documento?termo=KEY:%22ACORDAO-COMPLETO-2767569%22&quantidade=1&inicio=0	json
0889	PRO-012	https://pesquisa.apps.tcu.gov.br/rest/publico/base/acordao-completo/documento?termo=KEY:%22ACORDAO-COMPLETO-2721472%22&quantidade=1&inicio=0	json
0890	PRO-014	https://pesquisa.apps.tcu.gov.br/rest/publico/base/acordao-completo/documento?termo=KEY:%22ACORDAO-COMPLETO-2775273%22&quantidade=1&inicio=0	json
0891	PRO-035	https://dadosabertos.camara.leg.br/api/v2/proposicoes/2362716	json
0892	PRO-036	https://dadosabertos.camara.leg.br/api/v2/proposicoes/2407288	json
0893	PRO-037	https://dadosabertos.camara.leg.br/api/v2/proposicoes/2399598	json
0894	PRO-010	https://www.planalto.gov.br/ccivil_03/_ato2019-2022/2021/Msg/VEP/VEP-81.htm	html
0895	PRO-NAO_LIDO	https://www.gov.br/mec/pt-br/pe-de-meia	html
0896	PRO-NAO_LIDO	https://www.gov.br/mec/pt-br/pe-de-meia/como-funciona	html
0897	PRO-NAO_LIDO	https://www.planalto.gov.br/ccivil_03/_ato2019-2022/2020/lei/L13987.htm	html
0898	PRO2-001	https://www.planalto.gov.br/ccivil_03/_ato2019-2022/2019/lei/L13856.htm	html
0899	PRO2-001	https://legis.senado.leg.br/dadosabertos/legislacao/31172709	xml
0900	PRO2-002	https://dadosabertos.camara.leg.br/api/v2/proposicoes?autor=Poder%20Executivo&keywords=Universidade&dataApresentacaoInicio=2019-01-01&itens=100&ordem=DESC&ordenarPor=id	json
0901	PRO2-002	https://dadosabertos.camara.leg.br/api/v2/proposicoes?autor=Poder%20Executivo&keywords=Instituto%20Federal&dataApresentacaoInicio=2019-01-01&itens=100&ordem=DESC&ordenarPor=id	json
0902	PRO2-002	https://dadosabertos.camara.leg.br/api/v2/proposicoes/2642328/autores	json
0903	PRO2-002	https://dadosabertos.camara.leg.br/api/v2/proposicoes/2642329/autores	json
0904	PRO2-002	https://dadosabertos.camara.leg.br/api/v2/proposicoes/2591970/autores	json
0905	PRO2-002	https://dadosabertos.camara.leg.br/api/v2/proposicoes/2591974/autores	json
0906	PRO2-003	https://dadosabertos.camara.leg.br/api/v2/proposicoes/2190325	json
0907	PRO2-004	https://legis.senado.leg.br/dadosabertos/legislacao/lista?tipo=LEI&ano=2019	xml
0908	PRO2-004	https://legis.senado.leg.br/dadosabertos/legislacao/lista?tipo=LEI&ano=2020	xml
0909	PRO2-004	https://legis.senado.leg.br/dadosabertos/legislacao/lista?tipo=LEI&ano=2021	xml
0910	PRO2-004	https://legis.senado.leg.br/dadosabertos/legislacao/lista?tipo=LEI&ano=2022	xml
0911	PRO2-004	https://legis.senado.leg.br/dadosabertos/legislacao/lista?tipo=LEI&ano=2023	xml
0912	PRO2-004	https://legis.senado.leg.br/dadosabertos/legislacao/lista?tipo=LEI&ano=2024	xml
0913	PRO2-004	https://legis.senado.leg.br/dadosabertos/legislacao/lista?tipo=LEI&ano=2025	xml
0914	PRO2-004	https://legis.senado.leg.br/dadosabertos/legislacao/lista?tipo=LEI&ano=2026	xml
0915	PRO2-008	https://www.planalto.gov.br/ccivil_03/_ato2023-2026/2026/lei/L15521.htm	html
0916	PRO2-009	https://dadosabertos.camara.leg.br/api/v2/proposicoes/2585316	json
0917	PRO2-009	https://www.camara.leg.br/proposicoesWeb/prop_mostrarintegra?codteor=3073106	pdf
0918	PRO2-010	https://legis.senado.leg.br/dadosabertos/processo/8495948	json
0919	PRO2-010	http://legis.senado.leg.br/sdleg-getter/documento?dm=9888242	pdf
0920	PRO2-010	http://legis.senado.leg.br/sdleg-getter/documento?dm=9870489	pdf
0921	PRO2-010	http://legis.senado.leg.br/sdleg-getter/documento?dm=9411164	pdf
0922	PRO2-011	https://www.camara.leg.br/proposicoesWeb/prop_mostrarintegra?codteor=2301955	pdf
0923	PRO2-011	https://dadosabertos.camara.leg.br/api/v2/proposicoes/2374314	json
0924	PRO2-012	https://dadosabertos.camara.leg.br/api/v2/proposicoes/2310615	json
0925	PRO2-013	https://www.planalto.gov.br/ccivil_03/_ato2023-2026/2026/mpv/mpv1355.htm	html
0926	PRO2-013	https://dadosabertos.camara.leg.br/api/v2/proposicoes/2620929	json
0927	PRO2-014	https://www.planalto.gov.br/ccivil_03/_ato2023-2026/2024/decreto/D11901.htm	html
0928	PRO2-NAO_LIDO	https://pesquisa.apps.tcu.gov.br/rest/publico/base/acordao-completo/documento?termo=KEY:%22ACORDAO-COMPLETO-2767581%22&quantidade=1&inicio=0	json
0929	PRO2-NAO_LIDO	https://www.gov.br/mec/pt-br/search_rss?SearchableText=novos+campi+institutos+federais	html
0930	PRO2-NAO_LIDO	https://www.gov.br/mec/pt-br/search_rss?SearchableText=Escola+em+Tempo+Integral+matr%C3%ADculas	html
0931	PRO2-NAO_LIDO	https://www.camara.leg.br/proposicoesWeb/prop_mostrarintegra?codteor=1984092	pdf
0932	RES-001	https://www.gov.br/inep/pt-br/centrais-de-conteudo/noticias/ideb/ideb-avanca-em-todas-as-etapas-da-educacao-basica	html
0933	RES-001	https://download.inep.gov.br/ideb/resultados_flyer_2026.pdf	pdf
0934	RES-002	https://www.gov.br/inep/pt-br/areas-de-atuacao/pesquisas-estatisticas-e-indicadores/ideb/resultados/2005-2025	html
0935	RES-002	https://download.inep.gov.br/ideb/resultados/nota_informativa_ideb_2025.pdf	pdf
0936	RES-002	https://download.inep.gov.br/ideb/resultados/divulgacao_brasil_ideb_2025.zip	xlsx
0937	RES-002	https://download.inep.gov.br/ideb/resultados/divulgacao_regioes_ufs_ideb_2025.zip	xlsx
0938	RES-003|RES2-019	https://www.gov.br/inep/pt-br/areas-de-atuacao/pesquisas-estatisticas-e-indicadores/ideb/outros-documentos	html
0939	RES-003	https://download.inep.gov.br/ideb/nota_informativa_ideb_2023.pdf	pdf
0940	RES-003	https://download.inep.gov.br/educacao_basica/portal_ideb/planilhas_para_download/2021/nota_informativa_ideb_2021.pdf	pdf
0941	RES-003	http://download.inep.gov.br/educacao_basica/portal_ideb/o_que_e_o_ideb/nota_informativa_ideb2017_atualizado_Jun_2019.pdf	pdf
0942	RES-003	http://download.inep.gov.br/educacao_basica/portal_ideb/o_que_e_o_ideb/Nota_Informativa_Ideb_2017.pdf	pdf
0943	RES-003	http://download.inep.gov.br/educacao_basica/portal_ideb/o_que_e_o_ideb/Nota_Tecnica_n1_concepcaoIDEB.pdf	pdf
0944	RES-003	http://download.inep.gov.br/educacao_basica/portal_ideb/o_que_sao_as_metas/Nota_Tecnica_n2_metas_intermediarias_IDEB.pdf	pdf
0945	RES-003|RES2-014	https://download.inep.gov.br/publicacoes/institucionais/estatisticas_e_indicadores/resultados_indice_desenvolvimento_educacao_basica_2019_resumo_tecnico.pdf	pdf
0946	RES-004	https://www.gov.br/inep/pt-br/centrais-de-conteudo/noticias/saeb/inep-divulga-os-resultados-finais-do-saeb-2025	html
0947	RES-005	https://download.inep.gov.br/saeb/resultados/saeb_2025_brasil_estados_municipios_censitario.xlsx	xlsx
0948	RES-005	https://download.inep.gov.br/saeb/resultados/planilha_de_resultados_2023.rar	xlsx
0949	RES-005	https://download.inep.gov.br/saeb/nota_tecnica_base_amostral_saeb2023.pdf	pdf
0950	RES-005	https://download.inep.gov.br/saeb/resultados/relatorio-saeb_volume_1_2023.pdf	pdf
0951	RES-005	https://download.inep.gov.br/saeb/outros_documentos/nota_explicativa_saeb_2021.pdf	pdf
0952	RES-005	https://download.inep.gov.br/saeb/resultados/saeb_2021_brasil_estados_municipios.xlsx	xlsx
0953	RES-005	https://download.inep.gov.br/saeb/resultados/saeb_2021_brasil_estados_municipios_c_tx_alfabetizado.xlsx	xlsx
0954	RES-005	https://download.inep.gov.br/educacao_basica/saeb/2021/resultados/relatorio_de_resultados_do_saeb_2021_volume_1.pdf	pdf
0955	RES-005	https://download.inep.gov.br/saeb/resultados/apresentacao_saeb_2021.pdf	pdf
0956	RES-005	https://download.inep.gov.br/educacao_basica/saeb/2019/resultados/Resultados_Saeb_2019_Brasil_Estados_Municipios.xlsx	xlsx
0957	RES-005	https://download.inep.gov.br/educacao_basica/saeb/2019/resultados/relatorio_de_resultados_do_saeb_2019_volume_1.pdf	pdf
0958	RES-005	https://download.inep.gov.br/educacao_basica/saeb/2019/resultados/relatorio_de_resultados_do_saeb_2019_volume_2.pdf	pdf
0959	RES-005	https://download.inep.gov.br/educacao_basica/saeb/2019/resultados/Resultados_Saeb_2017_Brasil_Estados_Municipios.zip	xlsx
0960	RES-005	https://download.inep.gov.br/publicacoes/institucionais/avaliacoes_e_exames_da_educacao_basica/relatorio_saeb_2017.pdf	pdf
0961	RES-006	https://download.inep.gov.br/acoes_internacionais/pisa/resultados/2025/resultados_pisa_2025.pdf	pdf
0962	RES-006	https://www.oecd.org/en/publications/pisa-2025-results-volume-i-country-notes_2d4ff9ea-en/brazil_d65ba095-en.html	html
0963	RES-006	https://download.inep.gov.br/acoes_internacionais/pisa/resultados/2022/pisa_2022_brazil_prt.pdf	pdf
0964	RES-006	https://download.inep.gov.br/acoes_internacionais/pisa/resultados/2022/apresentacao_pisa_2022_brazil.pdf	pdf
0965	RES-006	https://www.oecd.org/content/dam/oecd/en/publications/reports/2023/11/pisa-2022-results-volume-i-and-ii-country-notes_2fca04b9/brazil_764ee0aa/61690648-en.pdf	pdf
0966	RES-006	https://download.inep.gov.br/publicacoes/institucionais/avaliacoes_e_exames_da_educacao_basica/relatorio_brasil_no_pisa_2018.pdf	pdf
0967	RES-006	https://download.inep.gov.br/acoes_internacionais/pisa/resultados/2018/pisa_2018_brazil_prt.pdf	pdf
0968	RES-006	https://www.oecd.org/pisa/publications/PISA2018_CN_BRA.pdf	pdf
0969	RES-007	https://gpseducation.oecd.org/CountryProfile?primaryCountry=BRA&treshold=10&topic=PI	html
0970	RES-008	https://www.gov.br/inep/pt-br/centrais-de-conteudo/noticias/avaliacao-da-alfabetizacao/inep-lanca-publicacao-que-detalha-a-construcao-do-indicador-crianca-alfabetizada-ica-e-os-desafios-da-educacao-basica-no-pais	html
0971	RES-008	https://download.inep.gov.br/publicacoes/diversas/temas_da_educacao_basica/indicador_crianca_alfabetizada_a_construcao_do_indicador_sua_apuracao_e_repercussoes_nos_territorios.pdf	pdf
0972	RES-009	https://download.inep.gov.br/avaliacao_da_alfabetizacao/resultados/resultados_e_metas_ufs_2025_v1.xlsx	xlsx
0973	RES-009	https://download.inep.gov.br/avaliacao_da_alfabetizacao/resultados/brasil_2025.pdf	pdf
0974	RES-009	https://download.inep.gov.br/alfabetiza_brasil/resultados_e_metas_ufs_2024_2.xlsx	xlsx
0975	RES-009	https://download.inep.gov.br/alfabetiza_brasil/brasil_2024_2.pdf	pdf
0976	RES-009	https://download.inep.gov.br/avaliacao_da_alfabetizacao/resultados_e_metas_ufs.xlsx	xlsx
0977	RES-009	https://download.inep.gov.br/avaliacao_da_alfabetizacao/brasil.pdf	pdf
0978	RES-010	https://www.gov.br/inep/pt-br/centrais-de-conteudo/noticias/censo-escolar/conheca-o-perfil-dos-46-milhoes-de-estudantes-da-educacao-basica-no-dia-do-estudante	html
0979	RES-011	https://download.inep.gov.br/publicacoes/institucionais/estatisticas_e_indicadores/resumo_tecnico_censo_da_educacao_basica_2025.pdf	pdf
0980	RES-011	https://download.inep.gov.br/publicacoes/institucionais/estatisticas_e_indicadores/notas_estatisticas_censo_escolar_da_educacao_basica_2025.pdf	pdf
0981	RES-011	https://download.inep.gov.br/censo_escolar/resultados/2025/apresentacao_coletiva.pdf	pdf
0982	RES-011	https://download.inep.gov.br/publicacoes/institucionais/estatisticas_e_indicadores/resumo_tecnico_censo_escolar_2022.pdf	pdf
0983	RES-011	https://download.inep.gov.br/areas_de_atuacao/nota_informativa_censo_escolar_2022.pdf	pdf
0984	RES-011	https://download.inep.gov.br/educacao_basica/censo_escolar/resumos_tecnicos/resumo_tecnico_censo_educacao_basica_2018.pdf	pdf
0985	RES-011	https://download.inep.gov.br/educacao_basica/censo_escolar/notas_estatisticas/2018/notas_estatisticas_censo_escolar_2018.pdf	pdf
0986	RES-011	https://download.inep.gov.br/dados_abertos/sinopses_estatisticas/sinopse_estatistica_censo_escolar_2025.zip	xlsx
0987	RES-011	https://download.inep.gov.br/dados_abertos/sinopses_estatisticas/sinopse_estatistica_censo_escolar_2024.zip	xlsx
0988	RES-011	https://download.inep.gov.br/dados_abertos/sinopses_estatisticas/sinopse_estatistica_censo_escolar_2023.zip	xlsx
0989	RES-011	https://download.inep.gov.br/dados_abertos/sinopses_estatisticas/sinopses_estatisticas_censo_escolar_2022.zip	xlsx
0990	RES-011	https://download.inep.gov.br/dados_abertos/sinopses_estatisticas/sinopses_estatisticas_censo_escolar_2021.zip	xlsx
0991	RES-011	https://download.inep.gov.br/dados_abertos/sinopses_estatisticas/sinopses_estatisticas_censo_escolar_2020.zip	xlsx
0992	RES-011	https://download.inep.gov.br/informacoes_estatisticas/sinopses_estatisticas/sinopses_educacao_basica/sinopse_estatistica_educacao_basica_2019.zip	xlsx
0993	RES-011	https://download.inep.gov.br/informacoes_estatisticas/sinopses_estatisticas/sinopses_educacao_basica/sinopse_estatistica_da_educacao_basica_2018.zip	xlsx
0994	RES-011	https://download.inep.gov.br/informacoes_estatisticas/sinopses_estatisticas/sinopses_educacao_basica/sinopse_estatistica_da_educacao_basica_2017.zip	xlsx
0995	RES-012	https://download.inep.gov.br/educacao_superior/censo_superior/documentos/2024/tabelas_de_divulgacao_censo_da_educacao_superior_2024.xls	xlsx
0996	RES-012	https://download.inep.gov.br/publicacoes/institucionais/avaliacoes_e_exames_da_educacao_superior/resumo_tecnico_do_censo_da_educacao_superior_2024.pdf	pdf
0997	RES-012	https://download.inep.gov.br/publicacoes/institucionais/estatisticas_e_indicadores/notas_estatisticas_censo_escolar_da_educacao_superior_2024.pdf	pdf
0998	RES-012	https://download.inep.gov.br/educacao_superior/censo_superior/documentos/2024/apresentacao_censo_da_educacao_superior_2024.pdf	pdf
0999	RES-012	https://download.inep.gov.br/publicacoes/institucionais/estatisticas_e_indicadores/resumo_tecnico_censo_da_educacao_superior_2018.pdf	pdf
1000	RES-012	https://download.inep.gov.br/educacao_superior/censo_superior/documentos/2019/censo_da_educacao_superior_2018-notas_estatisticas.pdf	pdf
1001	RES-012	https://download.inep.gov.br/informacoes_estatisticas/sinopses_estatisticas/sinopses_educacao_superior/sinopse_educacao_superior_2017.zip	xlsx
1002	RES-012	https://download.inep.gov.br/informacoes_estatisticas/sinopses_estatisticas/sinopses_educacao_superior/sinopse_educacao_superior_2018.zip	xlsx
1003	RES-012	https://download.inep.gov.br/informacoes_estatisticas/sinopses_estatisticas/sinopses_educacao_superior/sinopse_educacao_superior_2019.zip	xlsx
1004	RES-012	https://download.inep.gov.br/informacoes_estatisticas/sinopses_estatisticas/sinopses_educacao_superior/sinopse_educacao_superior_2020.zip	xlsx
1005	RES-012	https://download.inep.gov.br/informacoes_estatisticas/sinopses_estatisticas/sinopses_educacao_superior/sinopse_educacao_superior_2021.zip	xlsx
1006	RES-012	https://download.inep.gov.br/informacoes_estatisticas/sinopses_estatisticas/sinopses_educacao_superior/sinopse_educacao_superior_2022.zip	xlsx
1007	RES-012	https://download.inep.gov.br/informacoes_estatisticas/sinopses_estatisticas/sinopses_educacao_superior/sinopse_educacao_superior_2023.zip	xlsx
1008	RES-012	https://download.inep.gov.br/informacoes_estatisticas/sinopses_estatisticas/sinopses_educacao_superior/sinopse_educacao_superior_2024.zip	xlsx
1009	RES-013	https://download.inep.gov.br/informacoes_estatisticas/indicadores_educacionais/2017/TAXA_REND_2017_BRASIL_REGIOES_UFS.zip	xlsx
1010	RES-013	https://download.inep.gov.br/informacoes_estatisticas/indicadores_educacionais/2018/TX_REND_BRASIL_REGIOES_UFS_2018.zip	xlsx
1011	RES-013	https://download.inep.gov.br/informacoes_estatisticas/indicadores_educacionais/2019/tx_rend_brasil_regioes_ufs_2019.zip	xlsx
1012	RES-013	https://download.inep.gov.br/informacoes_estatisticas/indicadores_educacionais/2020/tx_rend_brasil_regioes_ufs_2020.zip	xlsx
1013	RES-013	https://download.inep.gov.br/informacoes_estatisticas/indicadores_educacionais/2021/tx_rend_brasil_regioes_ufs_2021.zip	xlsx
1014	RES-013	https://download.inep.gov.br/informacoes_estatisticas/indicadores_educacionais/2022/tx_rend_brasil_regioes_ufs_2022.zip	xlsx
1015	RES-013	https://download.inep.gov.br/informacoes_estatisticas/indicadores_educacionais/2023/tx_rend_brasil_regioes_ufs_2023.zip	xlsx
1016	RES-013	https://download.inep.gov.br/informacoes_estatisticas/indicadores_educacionais/2024/tx_rend_brasil_regioes_ufs_2024.zip	xlsx
1017	RES-013	https://download.inep.gov.br/informacoes_estatisticas/indicadores_educacionais/2025/tx_rend_brasil_regioes_ufs_2025.zip	xlsx
1018	RES-014	https://download.inep.gov.br/informacoes_estatisticas/indicadores_educacionais/taxa_transicao/tx_transicao_brasil_regioes_ufs_2017_2018.zip	xlsx
1019	RES-014	https://download.inep.gov.br/informacoes_estatisticas/indicadores_educacionais/taxa_transicao/tx_transicao_brasil_regioes_ufs_2018_2019.zip	xlsx
1020	RES-014	https://download.inep.gov.br/informacoes_estatisticas/indicadores_educacionais/taxa_transicao/tx_transicao_brasil_regioes_ufs_2019_2020.zip	xlsx
1021	RES-014	https://download.inep.gov.br/informacoes_estatisticas/indicadores_educacionais/taxa_transicao/tx_transicao_brasil_regioes_ufs_2020_2021.zip	xlsx
1022	RES-014	https://download.inep.gov.br/informacoes_estatisticas/indicadores_educacionais/taxa_transicao/tx_transicao_brasil_regioes_ufs_2021_2022.zip	xlsx
1023	RES-015	https://apisidra.ibge.gov.br/values/t/7113/n1/all/v/10267/p/all/c2/6794/c58/2795	html
1024	RES-015	https://sidra.ibge.gov.br/tabela/7113	html
1025	RES-016	https://dadosabertos.capes.gov.br/dataset/47010291-1471-4d3a-a19e-e2d3c61c100b/resource/cbdf2892-3369-44de-bd2b-d3b1bd595275/download/dados_concessao_dpb_2017.xlsx	xlsx
1026	RES-016	https://dadosabertos.capes.gov.br/dataset/47010291-1471-4d3a-a19e-e2d3c61c100b/resource/6a4ac3f1-0cff-4f0d-8a58-87a46d32a43c/download/dados_concessao_dpb_2018.xlsx	xlsx
1027	RES-016	https://dadosabertos.capes.gov.br/dataset/47010291-1471-4d3a-a19e-e2d3c61c100b/resource/e5d00e80-ea48-492d-966d-03a0f2c0d300/download/dados_concessao_dpb_2019.xlsx	xlsx
1028	RES-016	https://dadosabertos.capes.gov.br/dataset/47010291-1471-4d3a-a19e-e2d3c61c100b/resource/aba7aed2-b30a-4d4a-ab47-9893b717bb83/download/dados_concessao_dpb_2020.xlsx	xlsx
1029	RES-016	https://dadosabertos.capes.gov.br/dataset/47010291-1471-4d3a-a19e-e2d3c61c100b/resource/39acd1ca-144b-45ac-bb75-6eab3a3a6ea2/download/dados_concessao_dpb_2021.xlsx	xlsx
1030	RES-016	https://dadosabertos.capes.gov.br/dataset/47010291-1471-4d3a-a19e-e2d3c61c100b/resource/b56bee76-79b1-4cf3-878d-931888d7aee7/download/metadados_concessao_bolsas_ies_2017_2020.pdf	pdf
1031	RES-016	https://dadosabertos.capes.gov.br/dataset/5746bb2c-0e27-4667-9896-972aaa6dc466/resource/f13a0d02-a40a-49f5-8886-c737386623e0/download/br-capes-concessao-bolsas-ies-2022-2023-03-01.xlsx	xlsx
1032	RES-016	https://dadosabertos.capes.gov.br/dataset/5746bb2c-0e27-4667-9896-972aaa6dc466/resource/78f1a476-3151-48a5-a581-6c11fe6e76b4/download/br-capes-concessao-bolsas-ies-2023-2025-06-01.xlsx	xlsx
1033	RES-016	https://dadosabertos.capes.gov.br/dataset/5746bb2c-0e27-4667-9896-972aaa6dc466/resource/1b36b5fb-2c74-49ca-886e-cf8c8bced2f8/download/br-capes-concessao-bolsas-ies-2024-2025-06-01.xlsx	xlsx
1034	RES-016	https://dadosabertos.capes.gov.br/dataset/5746bb2c-0e27-4667-9896-972aaa6dc466/resource/96444b3f-0597-44f7-b759-f8ff7a6514e6/download/br-capes-concessao-bolsas-ies-2025-2026-04-01.xlsx	xlsx
1035	RES-016	https://dadosabertos.capes.gov.br/dataset/5746bb2c-0e27-4667-9896-972aaa6dc466/resource/302d4ae6-c5ac-4af7-8b6f-210cf498e456/download/metadados_concessao_bolsas_ies_2022a2025.pdf	pdf
1036	RES-017	https://dadosabertos.capes.gov.br/dataset/b7003093-4fab-4b88-b0fa-b7d8df0bcb77/resource/e9f13006-d0d3-4869-9790-1a8f5d31cf0c/download/br-capes-colsucup-discentes-2017-2023-12-01.csv	csv
1037	RES-017	https://dadosabertos.capes.gov.br/dataset/b7003093-4fab-4b88-b0fa-b7d8df0bcb77/resource/84290e6a-0a56-4372-aec7-7a188ff01e27/download/br-capes-colsucup-discentes-2018-2023-12-01.csv	csv
1038	RES-017	https://dadosabertos.capes.gov.br/dataset/b7003093-4fab-4b88-b0fa-b7d8df0bcb77/resource/967f83b7-3997-4cfc-8273-b9aeb8fdb9e2/download/br-capes-colsucup-discentes-2019-2023-12-01.csv	csv
1039	RES-017	https://dadosabertos.capes.gov.br/dataset/b7003093-4fab-4b88-b0fa-b7d8df0bcb77/resource/4e30fa75-42a2-428a-bd98-0949deb3c562/download/br-capes-colsucup-discentes-2020-2023-12-01.csv	csv
1040	RES-017	https://dadosabertos.capes.gov.br/dataset/b7003093-4fab-4b88-b0fa-b7d8df0bcb77/resource/d3d4b3df-d935-4392-ae00-b00ebcca2407/download/metadados_discentes_2017a2020.pdf	pdf
1041	RES-017	https://dadosabertos.capes.gov.br/dataset/c6bd4dca-a0fb-499a-9f7f-df0740563333/resource/fda8010e-d5db-4f00-a159-7940b3197d50/download/br-capes-colsucup-discentes-2021-2025-03-31.csv	csv
1042	RES-017	https://dadosabertos.capes.gov.br/dataset/c6bd4dca-a0fb-499a-9f7f-df0740563333/resource/a633b62f-bff1-479e-b546-9d961151bf59/download/br-capes-colsucup-discentes-2022-2025-03-31.csv	csv
1043	RES-017	https://dadosabertos.capes.gov.br/dataset/c6bd4dca-a0fb-499a-9f7f-df0740563333/resource/9834def9-859e-4f6f-b41e-dd84829e585f/download/br-capes-colsucup-discentes-2023-2025-03-31.csv	csv
1044	RES-017	https://dadosabertos.capes.gov.br/dataset/c6bd4dca-a0fb-499a-9f7f-df0740563333/resource/8afca354-18d5-4b6c-9158-2695fb26ad86/download/br-capes-colsucup-discentes-2024-2025-12-01.csv	csv
1045	RES-017	https://dadosabertos.capes.gov.br/dataset/c6bd4dca-a0fb-499a-9f7f-df0740563333/resource/70633e5c-5294-4cd4-abea-79341c63e406/download/metadados_discentes_pos_graduacao_2021_2024.pdf	pdf
1046	RES-018	https://www.gov.br/cnpq/pt-br/acesso-a-informacao/auditorias/RelatorioGestao2018_v31.pdf	pdf
1047	RES-020	http://bi.cnpq.br/painel/mapa-fomento-cti	html
1048	RES-020	http://bi.cnpq.br/painel/v2/p-fomento-cti.html	html
1049	RES-022	https://pt.wikipedia.org/wiki/%C3%8Dndice_de_Desenvolvimento_da_Educa%C3%A7%C3%A3o_B%C3%A1sica	html
1050	RES-023|RES2-013	https://download.inep.gov.br/ideb/resultados/apresentacao_ideb_2021.pdf	pdf
1051	RES-023	https://download.inep.gov.br/educacao_basica/portal_ideb/documentos/2020/Apresentacao_Coletiva_Imprensa_Saeb_2019.pdf	pdf
1052	RES-023|RES2-013	https://download.inep.gov.br/educacao_basica/portal_ideb/planilhas_para_download/2017/IDEB2017_APRESENTACAO_final.pdf	pdf
1053	RES-023|RES2-013	https://download.inep.gov.br/censo_escolar/resultados/2022/apresentacao_coletiva.pdf	pdf
1054	RES-023|RES2-013	https://download.inep.gov.br/censo_escolar/resultados/2021/apresentacao_coletiva.pdf	pdf
1055	RES-023|RES2-013	https://download.inep.gov.br/censo_escolar/resultados/2020/apresentacao_coletiva.pdf	pdf
1056	RES-023|RES2-013	https://download.inep.gov.br/educacao_superior/censo_superior/documentos/2022/apresentacao_censo_da_educacao_superior_2022.pdf	pdf
1057	RES-023|RES2-013	https://download.inep.gov.br/educacao_superior/censo_superior/documentos/2021/apresentacao_censo_da_educacao_superior_2021.pdf	pdf
1058	RES-023|RES2-013	https://download.inep.gov.br/educacao_superior/censo_superior/documentos/2020/tabelas_de_divulgacao_censo_da_educacao_superior_2020.pdf	pdf
1059	RES-023|RES2-013	https://download.inep.gov.br/educacao_superior/censo_superior/documentos/2020/Apresentacao_Censo_da_Educacao_Superior_2019.pdf	pdf
1060	RES2-001	https://api.worldbank.org/v2/country/BRA/indicator/LO.PISA.MAT?format=json&date=2009:2025	html
1061	RES2-002	https://api.worldbank.org/v2/country/BRA/indicator/LO.PISA.REA?format=json&date=2009:2025	html
1062	RES2-003	https://api.worldbank.org/v2/country/BRA/indicator/LO.PISA.SCI?format=json&date=2009:2025	html
1063	RES2-004	https://www.gov.br/inep/pt-br/areas-de-atuacao/avaliacao-e-exames-educacionais/pisa/historico	html
1064	RES2-005	https://www.gov.br/inep/pt-br/centrais-de-conteudo/noticias/acoes-internacionais/pisa-brasil-esta-entre-os-paises-que-mais-avancaram-em-educacao-nos-ultimos-20-anos	html
1065	RES2-006	https://agenciabrasil.ebc.com.br/educacao/noticia/2019-12/ministro-culpa-metodologia-paulo-freire-por-resultado-no-pisa	html
1066	RES2-007	https://agenciabrasil.ebc.com.br/educacao/noticia/2026-09/pisa-brasil-reduz-diferenca-para-paises-ricos-no-desempenho-escolar	html
1067	RES2-009	https://agenciabrasil.ebc.com.br/educacao/noticia/2018-09/ideb-tem-pequeno-avanco-no-ensino-medio-mas-segue-abaixo-da-meta	html
1068	RES2-012	https://agenciabrasil.ebc.com.br/educacao/noticia/2026-08/saeb-2025-brasil-recupera-nivel-pre-pandemia-mas-ainda-tem-gargalos	html
1069	RES2-013	https://www.gov.br/inep/pt-br/centrais-de-conteudo/apresentacoes/pesquisas-estatisticas-e-indicadores-educacionais-1	html
1070	RES2-013	http://download.inep.gov.br/educacao_basica/portal_ideb/documentos/2020/Apresentacao_Coletiva_Imprensa_Saeb_2019.pdf	pdf
1071	RES2-014	https://www.gov.br/inep/pt-br/centrais-de-conteudo/acervo-linha-editorial/publicacoes-institucionais/estatisticas-e-indicadores-educacionais/resultados-do-indice-de-desenvolvimento-da-educacao-basica-2019-resumo-tecnico	html
1072	RES2-015	https://www.gov.br/inep/pt-br/areas-de-atuacao/avaliacao-e-exames-educacionais/saeb/resultados/2019	html
1073	RES2-015	https://download.inep.gov.br/educacao_basica/saeb/2019/resultados/relatorio_de_resultados_do_saeb_2019_volume_3.pdf	pdf
1074	RES2-015	https://download.inep.gov.br/microdados/microdados_saeb_2019.zip	csv
1075	RES2-016	https://www.gov.br/inep/pt-br/areas-de-atuacao/avaliacao-e-exames-educacionais/saeb/resultados/2021	html
1076	RES2-017	https://www.gov.br/inep/pt-br/areas-de-atuacao/avaliacao-e-exames-educacionais/pisa/resultados/2022	html
1077	RES2-017	https://download.inep.gov.br/acoes_internacionais/pisa/resultados/2022/infografico_pisa_2022_brazil.pdf	pdf
1078	RES2-017	https://www.oecd.org/content/dam/oecd/en/publications/reports/2023/12/pisa-2022-results-volume-i_76772a36/53f23881-en.pdf	pdf
1079	RES2-018	https://www.gov.br/inep/pt-br/areas-de-atuacao/avaliacao-e-exames-educacionais/pisa/resultados/2018	html
1080	RES2-019	http://download.inep.gov.br/educacao_basica/portal_ideb/o_que_sao_as_metas/Nota_Tecnica_n3_compatibilizacao_PISA_SAEB.pdf	pdf
1081	RES2-020	https://www12.senado.leg.br/publicacoes/estudos-legislativos/tipos-de-estudos/boletins-legislativos/bol109	pdf
1082	RES2-021	https://www12.senado.leg.br/publicacoes/estudos-legislativos/tipos-de-estudos/boletins-legislativos/bol112	pdf
1083	RES2-022	https://basedeconhecimento.cgu.gov.br/server/api/core/bitstreams/892fc77d-23ce-4358-b84e-b6b7ec691a7f/content	pdf
1084	RES2-022	https://basedeconhecimento.cgu.gov.br/server/api/core/bitstreams/f196c6e0-407c-4e20-bb79-64f9eb4bf726/content	html
1085	RES2-022	https://www.gov.br/cgu/pt-br/assuntos/auditoria-e-fiscalizacao/avaliacao-da-gestao-dos-administradores/prestacao-de-contas-do-presidente-da-republica/arquivos/PCPR2022.pdf	pdf
1086	RES2-022	https://www.gov.br/cgu/pt-br/assuntos/auditoria-e-fiscalizacao/avaliacao-da-gestao-dos-administradores/prestacao-de-contas-do-presidente-da-republica/exercicios-anteriores	html
1087	RES2-022	https://basedeconhecimento.cgu.gov.br/server/api/core/bitstreams/d99cad59-1b50-4534-ac19-83205c667706/content	pdf
1088	RES2-ALT	http://legis.senado.leg.br/sdleg-getter/documento?dm=10135048	pdf
1089	RES2-ALT	https://download.inep.gov.br/publicacoes/institucionais/estatisticas_e_indicadores/notas_estatisticas_censo_da_educacao_basica_2019.pdf	pdf
1090	RES2-ALT	https://www.gov.br/inep/pt-br/imagens/acervo-linha-editorial/relatorio_de_gestao_2020.pdf	pdf
1091	RES2-ALT	https://mestresdoutores2024.cgee.org.br	html
1092	RES2-ALT	https://www.gov.br/capes/pt-br/acesso-a-informacao/transparencia-e-prestacao-de-contas/relatorios-de-gestao	html
